,track_id,track_name,track_explicit,track_popularity,album_name,album_release_date_precision,artist_name,audio_acousticness,audio_danceability,audio_duration_ms,audio_energy,audio_instrumentalness,audio_key_1,audio_liveness,audio_loudness,audio_mode_1,audio_speechiness,audio_tempo,audio_time_signature,audio_valence,pitch_0,pitch_1,pitch_2,pitch_3,pitch_4,pitch_5,pitch_6,pitch_7,pitch_8,pitch_9,pitch_10,pitch_11,timbre_0,timbre_1,timbre_2,timbre_3,timbre_4,timbre_5,timbre_6,timbre_7,timbre_8,timbre_9,timbre_10,timbre_11,day,month,year
0,4kDgnKgZTX6puRz9EoNjle,title track,True,59,Tickets To My Downfall,day,Machine Gun Kelly,0.00107,268.0,165967,829.0,0.0,7,157.0,-5.17,1,101.0,199886.0,4,351.0,0.5561288566243198,0.44745009074410164,0.3123647912885664,0.2816079854809433,0.35231397459165165,0.2344392014519055,0.3323012704174229,0.3496206896551726,0.3480272232304899,0.36484754990925616,0.2891451905626138,0.44395281306715073,48.99310344827588,46.2864936479129,-10.116148820326696,-14.200945553539015,4.961130671506349,-29.202558983666048,5.660328493647913,3.496353901996372,-13.04566969147007,7.062355716878405,-11.874842105263156,0.6982704174228688,25,9,2020
1,69LvvkHnFFnX3d5eNObtMo,kiss kiss,True,63,Tickets To My Downfall,day,Machine Gun Kelly,0.000279,569.0,138097,0.85,0.0,1,337.0,-5134.0,1,55.0,162061.0,4,769.0,0.5838202676864245,0.6008680688336525,0.3279808795411088,0.3973460803059276,0.3054703632887187,0.373682600382409,0.32937858508604195,0.34871892925430215,0.4679311663479927,0.30711089866156766,0.3134780114722752,0.2582963671128107,50.93591969407269,69.09671510516253,-6.3340630975143375,-9.224975143403439,0.73161759082218,-28.029967495219896,-2.7729330783938817,0.6400076481835565,-17.186881453154864,3.3370420650095594,-11.069214149139581,-4.878921606118544,25,9,2020
2,3k0YJnqMKRZb8swo86vCkq,drunk face,True,67,Tickets To My Downfall,day,Machine Gun Kelly,0.0282,691.0,143901,0.77,0.0,7,497.0,-4578.0,0,0.0367,90024.0,4,344.0,0.38708072487644146,0.5412026359143327,0.4718303130148274,0.41277265238879757,0.3626326194398683,0.48219110378912694,0.36040691927512386,0.40739044481054365,0.2818187808896214,0.31571663920922594,0.27772158154859977,0.15040197693574983,50.6405403624382,34.27883196046128,6.1719950576606255,1.4513228995057685,27.069250411861596,-22.78494728171336,16.078818780889613,0.22931960461285064,-12.094238879736396,1.475835255354202,-11.136133443163097,-4.542018121911033,25,9,2020
3,6mADjHs6FXdroPzEGW6KVJ,bloody valentine,True,71,Tickets To My Downfall,day,Machine Gun Kelly,0.00021,533.0,205159,858.0,0.0,2,148.0,-4212.0,1,0.0766,160057.0,4,506.0,0.44932584269662884,0.6224550561797755,0.39001123595505593,0.2509901685393256,0.3156109550561797,0.3543792134831457,0.5431755617977527,0.41160112359550555,0.4141685393258428,0.45296488764044956,0.35814185393258446,0.32881601123595494,53.03036376404492,37.494772471910125,-15.594377808988767,-16.006359550561807,2.3335688202247202,-31.182650280898866,15.061658707865165,3.1855744382022464,-17.941841292134864,1.0194382022471906,-12.275213483146064,-4.430251404494378,25,9,2020
4,1VSuFS7PahCN3SWbOcQ98m,forget me too (feat. Halsey),True,72,Tickets To My Downfall,day,Machine Gun Kelly,0.000417,654.0,171621,875.0,0.0086,1,194.0,-4845.0,1,0.0744,99975.0,4,522.0,0.6127391952309984,0.6892369597615496,0.34644113263785403,0.41116542473919565,0.33689567809239923,0.3517332339791356,0.3989478390461998,0.34773025335320396,0.49731147540983534,0.38187630402384515,0.4040327868852458,0.22759463487332332,50.77417585692994,61.7829299552906,-10.552078986587173,-9.678961251862887,-4.099803278688521,-25.780321907600594,4.164782414307005,3.968327868852465,-10.95723099850969,3.2807242921013398,-10.882757078986582,1.4010834575260809,25,9,2020
5,1vuUbnY82fCNjfzqjLmblw,all I know (feat. Trippie Redd),True,61,Tickets To My Downfall,day,Machine Gun Kelly,0.0342,712.0,129142,624.0,4.91e-05,9,0.0919,-6911.0,1,67.0,77471.0,4,335.0,0.34010499139414785,0.5722547332185891,0.27018244406196157,0.2102908777969022,0.26709638554216836,0.21920998278829606,0.29323063683304657,0.21732358003442354,0.2616368330464716,0.42406368330464667,0.19128055077452705,0.19222203098106735,45.386886402753866,37.07085714285715,-35.450089500860564,9.17886402753873,27.40525989672979,-27.539783132530125,14.32337865748709,-20.942631669535277,-6.992385542168674,7.472397590361441,-18.616974182444036,-3.7379724612736647,25,9,2020
6,6EPxapAlha7pEyn5kXgW3R,lonely,True,60,Tickets To My Downfall,day,Machine Gun Kelly,15.0,455.0,190143,728.0,4.74e-05,6,111.0,-6.62,0,0.0749,165948.0,3,461.0,0.409085880640466,0.6093784570596795,0.4066928675400294,0.2861091703056771,0.3202430858806405,0.2512605531295486,0.35935225618631755,0.23962154294032031,0.3028064046579326,0.42577001455604097,0.2948005822416298,0.3277583697234353,47.702401746724895,27.300572052401773,-19.895834061135364,-18.45589810771468,12.88603202328967,-33.01915574963615,5.83494468704512,1.4047088791848616,-10.335406113537104,4.685126637554587,-10.865740902474519,3.173574963609901,25,9,2020
7,41ltleYVuvEjnqiygy2rQ3,WWIII,True,53,Tickets To My Downfall,day,Machine Gun Kelly,7.47e-05,435.0,59740,932.0,1.31e-06,4,0.12,-3652.0,1,148.0,160084.0,4,812.0,0.5570452488687785,0.5334660633484164,0.3232760180995476,0.38644343891402705,0.41931674208144787,0.4130950226244343,0.48939366515837085,0.3505067873303168,0.43575565610859746,0.3091674208144797,0.35878280542986424,0.5513755656108594,53.86733031674209,66.79931674208147,-5.776271493212667,-21.322380090497724,1.8397828054298635,-37.66025339366516,3.7942126696832577,6.4187556561086,-13.974343891402714,5.534755656108598,-9.034036199095022,-1.25956108597285,25,9,2020
8,7Ct4wK3Fpp8vvZGcWy4NCP,kevin and barracuda - interlude,True,47,Tickets To My Downfall,day,Machine Gun Kelly,887.0,603.0,83297,626.0,2.67e-06,7,733.0,-12.27,1,947.0,181151.0,1,226.0,0.47638652482269506,0.5235354609929082,0.501322695035461,0.45665957446808497,0.43616666666666704,0.4471879432624114,0.4830815602836883,0.469063829787234,0.4628900709219856,0.4650921985815604,0.43161702127659585,0.440826241134752,37.149648936170216,65.80014184397166,54.75574822695036,18.231705673758864,47.445656028368795,8.013251773049648,-10.79569503546099,8.110815602836876,-21.69982624113474,0.9097092198581564,-18.67709219858156,16.226794326241126,25,9,2020
9,7os53rdrgA0OU6xC5xJruX,concert for aliens,True,60,Tickets To My Downfall,day,Machine Gun Kelly,0.00032,507.0,160222,951.0,0.0,11,0.33,-2999.0,1,0.0586,95016.0,4,692.0,0.4721981651376145,0.5279412844036698,0.30042018348623867,0.3769486238532113,0.4175761467889911,0.35432660550458694,0.4996146788990825,0.36148623853211004,0.44506788990825696,0.33418165137614664,0.3439100917431195,0.5367743119266053,54.071812844036685,54.18930458715596,9.55082752293577,-13.36254495412844,4.480491743119266,-31.7616348623853,11.014249541284425,4.7950605504587145,-9.727363302752304,5.919572477064218,-9.92670458715595,-1.0302385321100924,25,9,2020
10,7kDUspsoYfLkWnZR7qwHZl,my ex's best friend (with blackbear),True,78,Tickets To My Downfall,day,Machine Gun Kelly,0.00473,731.0,139461,675.0,0.0,5,141.0,-5134.0,0,0.0434,124939.0,4,298.0,0.5172065573770496,0.7429557377049177,0.3517180327868852,0.36922295081967227,0.29610819672131156,0.40515409836065547,0.20814262295081964,0.2177786885245902,0.24073278688524577,0.17290000000000003,0.2135557377049183,0.15732131147541004,50.720377049180335,55.14843278688525,-21.408616393442635,-11.42632295081968,12.807904918032788,-26.93383114754101,7.576196721311476,-3.428693442622949,-17.693142622950802,6.060418032786882,-16.87453442622953,-5.256732786885253,25,9,2020
11,2iVsPIS2yjS4xhs5Rdy65O,jawbreaker,True,58,Tickets To My Downfall,day,Machine Gun Kelly,0.000615,707.0,117580,576.0,0.0,2,405.0,-5665.0,1,0.0364,128.08,4,632.0,0.4519908045977009,0.7121310344827588,0.5433770114942525,0.41516321839080467,0.3863103448275862,0.3265586206896552,0.34130114942528705,0.20710114942528748,0.23317011494252868,0.27989425287356295,0.20971264367816084,0.28123908045977025,49.534777011494285,59.319351724137974,-16.31874252873566,-9.702034482758618,1.1820206896551633,-22.494885057471258,7.824880459770116,4.0658321839080465,-16.21405977011494,5.804618390804605,-13.939137931034487,-5.227291954022988,25,9,2020
12,1eTdTVIxLlhHwwA50vEzZa,nothing inside (feat. iann dior),True,63,Tickets To My Downfall,day,Machine Gun Kelly,0.00047,561.0,172235,0.81,0.0,8,157.0,-4754.0,0,0.0461,87.5,4,508.0,0.4996374045801524,0.5379287531806622,0.29031933842239177,0.3961234096692113,0.3988206106870231,0.3556781170483464,0.4622251908396948,0.3857366412213746,0.4118422391857512,0.32302035623409675,0.31633333333333336,0.35979389312977095,51.49677226463108,49.15424554707388,-13.21028117048348,-11.636991094147575,5.026529262086515,-31.56137404580153,7.586388040712469,-5.031590330788806,-9.064557251908392,6.995422391857501,-12.36405597964376,-7.370554707379134,25,9,2020
13,5rGUAs7Oamox7PY4P42Qzv,banyan tree - interlude,True,50,Tickets To My Downfall,day,Machine Gun Kelly,129.0,477.0,91143,592.0,0.0,7,257.0,-8693.0,1,0.0554,82387.0,4,249.0,0.27625850340136043,0.27976190476190455,0.33989455782312933,0.23751020408163276,0.3515850340136053,0.2553333333333333,0.33176190476190487,0.6659489795918365,0.3829489795918367,0.30795578231292486,0.22786394557823111,0.26435714285714274,44.04258843537418,28.65453741496599,10.680316326530619,-11.967605442176874,24.20579251700681,-24.019863945578226,-3.40141836734694,1.8830544217687073,-3.842891156462584,5.323687074829931,-11.665564625850337,-3.785309523809526,25,9,2020
14,0RFgKcpWImLWmK9WSSHAiC,play this when i'm gone,True,60,Tickets To My Downfall,day,Machine Gun Kelly,514.0,677.0,202213,443.0,0.0,0,107.0,-9375.0,1,27.0,137089.0,4,629.0,0.5476535433070869,0.2627677165354329,0.2836509186351709,0.20150787401574785,0.4074199475065621,0.3315039370078744,0.21760498687664068,0.33682283464566914,0.20527427821522304,0.29141207349081355,0.13797375328084,0.22911417322834646,44.993593175853015,11.311775590551193,-3.6166207349081327,-2.951362204724409,23.563501312335987,-19.845190288713898,-4.954796587926511,-9.54960629921259,-13.805867454068249,2.2173385826771654,-10.071198162729655,6.346774278215233,25,9,2020
15,2gTdDMpNxIRFSiu7HutMCg,I Think I'm OKAY (with YUNGBLUD & Travis Barker),True,74,Hotel Diablo,day,Machine Gun Kelly,0.0257,628.0,169397,744.0,0.0,7,313.0,-4718.0,1,0.0379,119921.0,4,277.0,0.42668863261943984,0.5831334431630966,0.4325601317957165,0.2730939044481055,0.31775123558484314,0.25660626029654043,0.30774958813838543,0.44460790774299835,0.23480065897858324,0.31132784184514,0.17918286655683688,0.2933344316309717,51.687696869851706,37.42566556836902,16.95418286655683,-5.603601317957162,25.392074135090613,-22.338388797364093,8.304532125205935,1.9870955518945663,-7.141906095551892,3.7824761120263544,-14.245204283360803,-5.406538714991762,5,7,2019
16,37AGgp9VP8TVJBfEat74Bj,Candy (feat. Trippie Redd),True,70,Hotel Diablo,day,Machine Gun Kelly,0.00829,744.0,156719,638.0,0.0,5,182.0,-4.86,0,49.0,98019.0,4,0.48,0.627309121621621,0.475092905405405,0.2459729729729732,0.32461655405405365,0.30394594594594604,0.5285337837837842,0.31283614864864884,0.35494087837837823,0.3027652027027029,0.21769932432432434,0.30140540540540534,0.2396925675675679,49.01313006756755,63.88718412162164,-20.79620945945945,-18.550217905405397,15.653819256756757,-12.621371621621618,-4.978229729729738,-0.9670658783783789,-16.760771959459476,-3.857869932432432,-15.855005067567575,-8.624040540540534,5,7,2019
17,63h44N1oLElnzut7RxZt6Z,why are you here,True,63,why are you here,day,Machine Gun Kelly,0.00607,559.0,175777,889.0,0.0,10,476.0,-3995.0,1,0.0434,129063.0,4,628.0,0.4813948220064725,0.46179611650485425,0.4609822006472494,0.24721359223300984,0.27913915857605154,0.6084482200647255,0.31977022653721676,0.3034919093851133,0.25945145631067973,0.3609288025889968,0.4692152103559868,0.3280372168284791,53.27405177993526,26.985367313915845,7.928674757281557,-13.038996763754039,14.19963106796115,-26.979482200647237,9.37045954692555,-3.67740453074434,-6.304223300970879,0.7454352750809062,-11.351338187702268,-5.854690938511327,18,12,2019
18,7fQox8Ere1HDm0jhSnsFHu,Obey (with YUNGBLUD),True,54,Obey (with YUNGBLUD),day,Bring Me The Horizon,0.000103,462.0,220539,0.99,0.0,1,374.0,-3175.0,0,211.0,137061.0,4,204.0,0.6497407912687585,0.6526944065484305,0.4154802182810371,0.5388458390177358,0.4247053206002723,0.38389495225102366,0.45296316507503426,0.38700409276944064,0.411416098226466,0.4345211459754431,0.5016084583901774,0.4938417462482942,54.522443383356105,70.73030422919507,28.315519781718955,-8.160459754433832,9.180657571623456,-34.20572987721696,9.064858117326056,0.27248158253751686,-9.839446111869028,5.363806275579813,-7.848431105047751,-5.86399863574352,2,9,2020
19,5OxclJsdFESni44YlpNpkR,Parasite Eve,True,63,Parasite Eve,day,Bring Me The Horizon,0.0289,589.0,291813,797.0,4.35e-06,9,383.0,-5464.0,1,0.15,102489.0,4,232.0,0.5934179943767579,0.5922521087160263,0.39647891283973735,0.36936363636363606,0.5374020618556703,0.39585098406747943,0.3606682286785381,0.3564254920337393,0.35242924086223104,0.39100843486410486,0.3161621368322406,0.35465229615745086,48.4927047797563,20.70962886597937,7.073802249297102,-10.812689784442362,18.078245548266203,-26.172410496719785,0.12729709465791986,-2.82080880974695,0.3837947516401111,4.709452671040295,-11.439838800374885,-5.182299906279284,25,6,2020
20,2eZjO58Qe9og2xmyfw4qwJ,Ludens,False,56,Ludens,day,Bring Me The Horizon,0.000551,295.0,280152,679.0,5.44e-05,1,165.0,-6182.0,1,0.15,197964.0,3,381.0,0.5742956989247308,0.6739041218638,0.3859507168458784,0.47383602150537657,0.3597374551971326,0.3995833333333332,0.4496908602150532,0.40063620071684564,0.46502329749103954,0.34936917562724024,0.357672043010753,0.2787025089605735,48.44821505376338,44.168059139784965,-17.732839605734732,-11.844288530465958,10.638735663082437,-34.062298387096774,-1.3901998207885315,1.1191944444444453,-7.899966845878139,3.525230286738348,-9.98104928315412,-5.223207885304656,6,11,2019
21,0M3adYbGtyRHACP86dey1H,Throne,False,71,That's The Spirit,day,Bring Me The Horizon,0.000455,426.0,191520,888.0,0.0,0,306.0,-3.72,0,0.0987,144111.0,4,387.0,0.5683574879227047,0.47620611916264116,0.3539227053140094,0.45930756843800336,0.35374235104669904,0.48606924315619937,0.35806119162640876,0.5619790660225443,0.4709243156199673,0.30337198067632887,0.31702576489533013,0.24734943639291476,53.42234299516913,58.80877616747187,21.24115942028982,-11.537318840579706,26.476549114331743,-36.38954267310795,1.912587761674717,-0.05549758454106279,-5.246194847020934,5.163563607085351,-7.94475845410629,-13.253278582930754,11,9,2015
22,060RNnzoMay3wKJek1faPc,MANTRA,True,60,amo,day,Bring Me The Horizon,0.00054,0.5,233129,817.0,0.0,0,152.0,-3501.0,1,0.0459,90.01,4,599.0,0.4787174193548389,0.5318645161290325,0.5950541935483872,0.3420580645161295,0.3253922580645157,0.38781032258064474,0.3385587096774194,0.4253767741935481,0.30505032258064535,0.3497432258064517,0.22587483870967745,0.2108554838709679,53.636401290322546,62.81219741935485,4.810633548387089,-13.096418064516127,3.5473161290322546,-28.635145806451625,7.202698064516127,-0.2362980645161291,-14.224903225806456,2.7264399999999984,-9.119194838709673,-3.443289032258064,25,1,2019
23,1JdWRS3PBZlSgKcPKcULtr,nihilist blues (feat. Grimes),False,56,amo,day,Bring Me The Horizon,0.0019,607.0,325502,813.0,0.00088,4,305.0,-5825.0,0,0.0936,133962.0,4,195.0,0.5423700906344415,0.6553157099697877,0.40004758308157073,0.3835037764350452,0.5347862537764353,0.45452794561933524,0.411141238670695,0.42862160120845955,0.30983836858006064,0.3450015105740173,0.23528549848942604,0.3814796072507561,49.448253776435074,13.987215256797564,-9.894310422960714,-9.268725075528717,5.729518126888232,-35.785666163141975,10.793441087613298,2.6945755287009083,-8.287986404833848,3.01351510574018,-10.19746450151058,-1.112808157099698,25,1,2019
24,4mrjzz6ETpW3wosJUYmKoL,i apologise if you feel something,False,47,amo,day,Bring Me The Horizon,533.0,211.0,139564,361.0,0.0284,9,0.08,-10247.0,0,0.0346,179895.0,1,0.0537,0.2916652806652805,0.28630145530145523,0.4538232848232845,0.20134719334719342,0.41124532224532245,0.40678170478170517,0.1603596673596672,0.2133555093555095,0.16196465696465695,0.2948274428274429,0.1604781704781706,0.13593139293139292,43.51666735966736,-34.15338045738046,-0.010877338877338463,-16.42335758835759,55.14813513513511,-34.698422037422034,-2.9115883575883617,0.6267006237006241,-14.806906444906442,-2.5068607068607074,-5.546964656964652,3.1597380457380466,25,1,2019
25,4swVflM7KtMxzfHBWqPv9S,in the dark,False,58,amo,day,Bring Me The Horizon,0.00736,535.0,271187,768.0,0.0,6,661.0,-4554.0,0,0.0577,156014.0,4,514.0,0.4800153846153846,0.5457958974358974,0.37007589743589786,0.341486153846154,0.3976102564102566,0.32285538461538443,0.43427692307692406,0.24327897435897453,0.2843620512820512,0.3516748717948723,0.27367794871794865,0.4777046153846153,51.80938666666666,26.955302564102574,1.1574984615384605,-10.991245128205131,21.00585435897436,-27.79513230769227,6.701990769230769,-0.8658153846153841,-8.989084102564096,2.1548943589743628,-11.542514871794875,-4.165611282051282,25,1,2019
26,0ceW5TkemJUEmJERavfqQq,wonderful life (feat. Dani Filth),False,54,amo,day,Bring Me The Horizon,0.000416,406.0,274403,964.0,0.000231,6,401.0,-4076.0,1,206.0,173058.0,4,406.0,0.5462335456475582,0.5007292993630573,0.34122080679405503,0.3734161358811045,0.41992144373673007,0.7099182590233554,0.5372685774946919,0.3851963906581738,0.38138535031847165,0.37632165605095513,0.3760159235668793,0.33813800424628426,52.66961358811034,77.9207430997877,25.38033651804664,-5.381836518046705,-1.4991135881104032,-29.00406687898088,4.832297239915074,2.101186836518046,-13.184432059447975,2.1542940552016994,-9.017158174097666,-1.3194978768577506,25,1,2019
27,3GHtEaicELsTViK08EXEQQ,medicine,True,58,amo,day,Bring Me The Horizon,0.00393,615.0,227265,858.0,0.0,0,0.0789,-3.3,1,0.0396,97038.0,4,323.0,0.5294926829268295,0.5421841463414631,0.4378756097560979,0.25440000000000024,0.2845658536585364,0.3632621951219516,0.27497439024390247,0.4235451219512195,0.2879670731707317,0.4360963414634152,0.3303146341463413,0.22861707317073174,52.184996341463425,60.09911951219512,16.97612073170729,-4.673236585365847,26.4198268292683,-29.349170731707318,5.493207317073168,-1.168023170731708,-11.887090243902433,2.918443902439027,-11.112263414634151,-5.220508536585365,25,1,2019
28,1PWFyfV7yYhlxHZX2g25wS,ouch,True,47,amo,day,Bring Me The Horizon,0.00221,514.0,109011,813.0,0.0204,2,295.0,-6554.0,0,0.0719,160047.0,4,382.0,0.6303392156862743,0.43605686274509803,0.3669823529411767,0.21035686274509818,0.23009215686274517,0.30446470588235325,0.25874509803921547,0.4093392156862745,0.2934764705882355,0.3630705882352939,0.3893137254901961,0.31266862745098073,48.84534705882348,48.78664117647059,18.47960588235294,3.112299999999999,33.84509607843136,-38.17204509803923,-0.83609019607843,-1.769252941176469,2.662333333333334,5.321962745098043,-9.155990196078436,-8.26964705882353,25,1,2019
29,2lLsjgDoS0Hg5pNNHymXGG,why you gotta kick me when i'm down?,True,52,amo,day,Bring Me The Horizon,175.0,607.0,268861,841.0,1.33e-05,10,132.0,-4805.0,0,136.0,131862.0,4,518.0,0.5792994129158516,0.48504403131115376,0.3056555772994129,0.2881174168297456,0.3427886497064574,0.5927798434442264,0.3549696673189822,0.3947211350293533,0.4342612524461839,0.3395626223091975,0.4575430528375727,0.2846878669275927,49.31563992172216,11.12496183953036,26.06617612524461,4.45434344422701,30.299171232876674,-31.75307338551856,7.2866947162426605,-1.5997407045009786,-5.508767123287667,1.8918874755381598,-9.303263209393341,-0.677385518590996,25,1,2019
30,1oqMPCtRiO1QQLP8NjuB9Z,fresh bruises,True,44,amo,day,Bring Me The Horizon,0.0053,675.0,198454,545.0,693.0,3,0.17,-5275.0,0,46.0,117015.0,4,272.0,0.5857516778523486,0.5702382550335573,0.31365212527964176,0.4114865771812077,0.23155928411633123,0.26133892617449633,0.3524105145413872,0.2621789709172256,0.37686465324384794,0.23934899328859047,0.380544742729307,0.49066219239373615,45.29366442953015,-29.789039149888133,-22.003243847874746,0.009928411633106224,40.01021812080546,-42.38339373601794,13.214511185682317,4.216192393736017,-3.3921331096196887,-1.836635346756152,-5.205108501118568,1.2789485458613004,25,1,2019
31,5IwUFTiNkarb5HEtNRtRtc,mother tongue,False,56,amo,day,Bring Me The Horizon,0.0196,598.0,217425,872.0,0.0,6,326.0,-4567.0,0,0.0328,107009.0,4,609.0,0.37670913461538463,0.6179543269230767,0.38733533653846136,0.2789170673076925,0.4676610576923078,0.34495312499999997,0.542514423076923,0.27250600961538446,0.30722235576923085,0.40370913461538493,0.23653124999999994,0.2703966346153849,51.74234735576927,27.73532331730769,8.21852403846154,-10.519693509615383,16.06720072115382,-29.765612980769234,4.74605889423077,-2.198823317307688,-9.088628605769228,1.169009615384615,-8.97538701923077,-2.337929086538461,25,1,2019
32,6baGTtDakSNvUfW3FJd8yX,heavy metal (feat. Rahzel),True,53,amo,day,Bring Me The Horizon,0.00119,589.0,240587,914.0,0.000257,7,361.0,-3582.0,1,0.0935,129935.0,4,512.0,0.5684484649122805,0.48776644736842095,0.40530921052631586,0.3092620614035083,0.34666776315789466,0.32497478070175445,0.514536184210526,0.4172258771929818,0.35630921052631526,0.3606129385964911,0.32952302631578895,0.5040142543859647,53.19157894736847,62.812277412280736,11.26318421052633,-8.342627192982459,5.902100877192984,-28.767643640350833,2.51544627192982,-4.267928728070178,-8.094559210526311,3.792531798245616,-9.74731469298246,0.8223377192982462,25,1,2019
33,013TFRzJWkT41RRSgSenfI,i don't know what to say,False,49,amo,day,Bring Me The Horizon,0.0154,499.0,352375,728.0,0.0982,7,246.0,-6744.0,0,55.0,92449.0,4,239.0,0.5175389908256887,0.3991498470948014,0.32845336391437313,0.3771674311926608,0.26364908256880776,0.3833027522935771,0.30989143730886815,0.5418585626911316,0.29829051987767574,0.3351383792048928,0.48929587155963306,0.26924617737003076,48.849504587155984,44.56180045871564,19.86682645259939,-7.175963302752285,15.720949541284412,-26.47044724770644,-4.765649082568809,-4.9068042813455675,-6.667574159021414,0.2268264525993887,-7.8759518348623905,1.6563318042813435,25,1,2019
34,6lFUdRItQEsEuD7dSINL47,Follow You,False,65,That's The Spirit,day,Bring Me The Horizon,0.0765,0.54,231107,661.0,0.0,3,125.0,-5534.0,0,0.0381,90012.0,4,506.0,0.4457818428184283,0.6082642276422767,0.25249457994579966,0.4690054200542006,0.25621138211382105,0.2898821138211383,0.3767384823848241,0.25302845528455264,0.3979837398373985,0.23601626016260205,0.41462737127371235,0.3461341463414631,48.83661653116536,25.576608401084037,-12.882054200542006,-16.547391598915972,19.147485094850964,-31.223475609756083,-7.752895663956628,-2.0955731707317082,-10.521085365853668,-0.2644661246612466,-7.454456639566395,0.20038753387533867,11,9,2015
35,6o39Ln9118FKTMbM4BvcEy,Drown,False,67,That's The Spirit,day,Bring Me The Horizon,0.000102,405.0,222093,0.94,2.79e-05,1,719.0,-3103.0,0,0.0844,143126.0,4,0.24,0.3426544117647057,0.5192691176470585,0.2566794117647058,0.31070588235294067,0.41997499999999993,0.2859220588235296,0.407986764705883,0.36081176470588217,0.5320220588235298,0.5302455882352943,0.3218867647058821,0.3155647058823531,53.833813235294166,62.71387205882351,25.648117647058807,-10.81510294117646,9.79655147058824,-37.023214705882374,2.8724220588235303,1.0490441176470586,-12.20352499999999,1.8781029411764711,-5.965991176470591,-2.417316176470589,11,9,2015
36,0rUTQPibpskoXRrKjbGZjo,"god save me, but don't drown me out",True,0,"god save me, but don't drown me out",day,YUNGBLUD,0.00115,373.0,217510,871.0,0.0,2,0.4,-3706.0,1,0.0622,127413.0,4,201.0,0.32920826446280993,0.47666280991735577,0.37130578512396717,0.27452727272727245,0.4759752066115702,0.2918363636363638,0.44476694214876006,0.3049157024793388,0.32838181818181816,0.4271272727272728,0.24100661157024778,0.31572892561983457,53.54322975206607,68.73924628099172,38.94419173553721,-5.979659504132236,24.891062809917354,-33.674795041322305,24.489728925619826,5.666165289256197,-5.780031404958677,7.288155371900829,-12.376011570247933,-8.368993388429747,17,9,2020
37,00okrW9OfjmG0PZJSY3fJd,Stay Away (feat. Machine Gun Kelly & Goody Grace),True,62,Stay Away (feat. Machine Gun Kelly & Goody Grace),day,MOD SUN,22.0,667.0,151891,636.0,0.0,8,0.0908,-5669.0,1,82.0,158058.0,4,152.0,0.42335395189003433,0.3727731958762886,0.26403436426116833,0.4761615120274912,0.2440962199312718,0.19994158075601381,0.20640206185567012,0.4229209621993129,0.37473367697594473,0.2421752577319588,0.3106580756013747,0.2251323024054982,48.582867697594466,16.790072164948462,-16.27835738831613,-11.576455326460467,18.75026975945016,-17.217228522336768,14.461817869415817,0.5335807560137452,-6.730745704467358,4.056073883161515,-17.07822336769759,-8.092116838487975,24,4,2020
38,0NZrY7Lc9g6V03hxRpfToV,body bag (feat. YUNGBLUD & Bert McCracken of The Used),True,64,Tickets To My Downfall (SOLD OUT Deluxe),day,Machine Gun Kelly,0.000192,575.0,170074,959.0,0.0,1,0.0515,-2469.0,0,108.0,110973.0,4,642.0,0.4764326465927101,0.5359651347068142,0.27540887480190157,0.31784310618066536,0.38971156893819375,0.2991410459587957,0.43742155309033276,0.3861030110935026,0.5592028526148975,0.4669112519809827,0.3676640253565769,0.3572345483359749,54.874480190174346,60.488643423137866,17.68530903328051,-10.339052297939771,8.946646592709985,-34.479545166402566,6.066754358161651,3.9040221870047573,-8.416044374009495,7.30574326465928,-9.363470681458013,-4.128633914421553,29,9,2020
39,3WATWS2Ywo5HeHtG0bE2iZ,Teardrops,True,63,POST HUMAN: SURVIVAL HORROR,day,Bring Me The Horizon,0.000323,497.0,215004,916.0,0.0,7,0.36,-3323.0,1,108.0,96051.0,4,401.0,0.6151040787623072,0.5531012658227845,0.4657805907172988,0.3083431786216596,0.32550210970464144,0.466478199718706,0.4445007032348805,0.47221097046413457,0.398127988748242,0.512026722925457,0.4487102672292548,0.39129817158931096,53.97046835443035,52.003246132208226,21.050867791842478,-9.801831223628676,15.122763713080156,-31.53552461322084,5.845559774964831,-0.6276244725738398,-7.786105485232065,4.150992967651198,-9.054700421940934,-8.294462728551336,30,10,2020
40,0SrNeyEck4arq4ASwjcq0H,can't look back,True,58,Tickets To My Downfall (SOLD OUT Deluxe),day,Machine Gun Kelly,158.0,605.0,130312,711.0,0.0,8,109.0,-3592.0,0,0.0353,128151.0,4,408.0,0.37470192307692307,0.6304399038461536,0.2620336538461539,0.38854326923076926,0.3401249999999998,0.264108173076923,0.33313942307692324,0.21690624999999988,0.34339663461538444,0.17434134615384617,0.22171874999999996,0.29464423076923113,52.51530288461542,34.96073076923076,-2.46119951923077,-11.13881490384617,27.595889423076926,-22.713389423076915,5.70689903846154,-0.11720192307692082,-25.867187500000007,2.3909375000000015,-11.071937500000008,0.7546514423076919,29,9,2020
41,3Ddgh4ZwVIkLx0f4WeDFmo,sugar honey ice & tea,False,59,amo,day,Bring Me The Horizon,0.000243,431.0,261560,914.0,0.0096,0,502.0,-4243.0,0,0.0616,147108.0,4,534.0,0.6493471444568871,0.41867749160134343,0.31896416573348224,0.35268645016797306,0.29782642777155677,0.47883762597984286,0.3568667413213887,0.36633818589025763,0.3774501679731247,0.30747144456886905,0.32472228443449014,0.34268756998880184,52.46375027995519,46.93181634938408,24.493248600223932,-9.092800671892482,5.284577827547597,-32.44307838745805,13.551159014557651,2.587277715565509,-8.467036954087343,2.800968645016797,-7.4223941769316895,-0.9524120940649516,25,1,2019
42,24qhW8fqWyrMHqkBfM2HPk,hope for the underrated youth,True,54,the underrated youth,day,YUNGBLUD,0.0222,225.0,240907,774.0,0.0,11,111.0,-3.18,0,0.0483,157525.0,4,167.0,0.41698825256975025,0.3349897209985316,0.3825301027900145,0.18958590308370052,0.2716725403817914,0.19540822320117476,0.35987371512481653,0.38996622613803283,0.28142437591776814,0.38289280469897186,0.27671365638766504,0.4873450807635831,53.65587077826724,60.39725844346551,12.551337738619681,-17.963049926578567,29.630124816446383,-29.89270778267252,6.582624082232005,-0.45248164464023444,-11.238606461086649,-0.3780543318649051,-10.046295154185026,-3.3645330396475757,18,10,2019
43,3FftYzkNisNH913O0KLgiO,hangover cure,True,59,Tickets To My Downfall (SOLD OUT Deluxe),day,Machine Gun Kelly,164.0,373.0,159586,842.0,0.0,11,102.0,-3327.0,1,0.0757,170149.0,4,579.0,0.428246212121212,0.48163257575757573,0.26742613636363616,0.44977083333333356,0.3737234848484847,0.25307954545454525,0.3722064393939393,0.27512689393939394,0.3198749999999998,0.22070833333333345,0.25165340909090905,0.5480284090909093,54.116939393939425,28.478994318181805,-6.98288446969697,-13.897821969696961,29.137825757575765,-34.67093939393941,-5.822625,-3.8829772727272727,-17.760376893939377,2.038244318181818,-10.679941287878778,0.8994488636363611,29,9,2020
44,4ysgA7BNxkyN6Aibc5CZsw,split a pill,True,53,Tickets To My Downfall (SOLD OUT Deluxe),day,Machine Gun Kelly,0.00957,505.0,165677,0.86,0.0,2,597.0,-3708.0,1,205.0,155178.0,4,749.0,0.5588600311041994,0.6303639191290823,0.48771539657853785,0.36567185069984404,0.3978102643856917,0.2585645412130638,0.39288646967340607,0.44892223950233306,0.4703841368584765,0.46644634525660983,0.33404043545878653,0.43170762052877143,53.548031104199076,40.7179284603422,-10.275699844478996,-21.158536547433865,13.554376360808709,-29.21347744945565,1.8208055987558303,4.857919129082419,-12.205332814930019,5.3936765163297,-11.062830482115071,-1.8484105754276834,29,9,2020
45,6sIbv1oWOuma2qV907MUbk,1x1 (feat. Nova Twins),True,64,POST HUMAN: SURVIVAL HORROR,day,Bring Me The Horizon,0.000209,452.0,209598,937.0,3.61e-06,1,606.0,-3346.0,0,161.0,164032.0,4,604.0,0.5961718120805362,0.6858348993288583,0.3217852348993291,0.3475704697986577,0.4113221476510068,0.35779731543624194,0.4331342281879194,0.35641342281879185,0.5089812080536913,0.4247127516778521,0.37959194630872484,0.38387248322147666,53.84725503355703,72.26799597315446,27.487573154362416,-2.4485154362416095,17.549170469798653,-32.31080939597312,7.914073825503364,0.6235328859060402,-10.380962416107378,3.4792953020134263,-8.711044295302015,-5.018893959731547,30,10,2020
46,6gc4LhCNFbbs6wQDgafu7b,No Heart To Speak Of,False,45,NINE,day,blink-182,0.000109,537.0,220293,783.0,6.86e-06,7,0.35,-5409.0,1,0.0529,160032.0,4,369.0,0.44565976714100936,0.3476584734799482,0.3319598965071147,0.1932664941785251,0.2484294954721861,0.20484864165588576,0.37798059508408816,0.46904398447606677,0.34569598965071197,0.4253544631306594,0.30120310478654577,0.4139573091849933,50.02377619663649,55.95265717981879,-5.62000388098318,-9.699456662354457,12.008410090556254,-37.12685381630013,14.94072703751616,1.577002587322121,-5.805152652005172,4.03559249676585,-12.69715135834411,-2.814350582147476,20,9,2019
47,6KWcq5p0wsz97N3eoRUSH6,I Really Wish I Hated You,False,58,NINE,day,blink-182,0.0358,615.0,191067,0.81,0.0,1,289.0,-6137.0,0,0.0506,143054.0,4,728.0,0.46926993006992995,0.5007118881118878,0.23048391608391594,0.32548111888111897,0.5357258741258741,0.3096685314685316,0.3817412587412589,0.2445314685314685,0.481524475524476,0.3322531468531469,0.3048195804195801,0.5124125874125868,50.70661258741263,24.66044615384612,-0.26643916083915914,-14.617994405594407,25.728714685314678,-21.430321678321658,-6.917369230769235,0.32071888111888114,-8.05391188811188,2.140373426573427,-12.153711888111898,-9.768820979020981,20,9,2019
48,6shny2UVkpaLc7jEKEoePa,Â¿ (feat. Halsey),False,52,Music to listen to~dance to~blaze to~pray to~feed to~sleep to~talk to~grind to~trip to~breathe to~help to~hurt to~scroll to~roll to~love to~hate to~learn Too~plot to~play to~be to~feel to~breed to~sweat to~dream to~hide to~live to~die to~GO TO,day,Bring Me The Horizon,0.00799,0.51,313345,789.0,674.0,2,838.0,-6384.0,1,116.0,155971.0,4,0.13,0.34764612954186414,0.7048783570300162,0.3410853080568718,0.26283570300157977,0.3464344391785149,0.3200663507109003,0.6154454976303322,0.3195932069510271,0.29262796208530806,0.36505134281200635,0.24588309636650924,0.24660663507108993,47.28588862559241,28.179243285939968,45.267838862559266,12.39344707740913,21.94522195892573,-30.73254265402848,10.46208293838863,-1.853217219589255,-3.7387187993680904,1.5497156398104224,-4.356406003159548,1.2960497630331749,27,12,2019
49,30zjD8uAoLLckluGf0PNV6,Remember To Forget Me,False,49,NINE,day,blink-182,0.0176,611.0,209813,639.0,2.92e-06,0,0.0987,-7044.0,0,0.0294,140052.0,4,257.0,0.5079525993883793,0.283105504587156,0.32447094801223264,0.5222966360856266,0.24544648318042803,0.3245535168195722,0.23429204892966343,0.4290183486238531,0.40237155963302773,0.2155825688073394,0.2912737003058106,0.22876452599388405,47.579380733945015,40.01134403669729,6.138818042813458,-4.80253975535168,32.907181957186545,-27.329733944954146,9.745122324159016,-3.347700305810397,-10.254053516819573,0.5259036697247713,-9.69457033639143,-0.6270596330275227,20,9,2019
50,39n1y2JqVOPIdfUeLqzgfl,Darkside,False,58,NINE,day,blink-182,0.00627,497.0,180960,923.0,0.0,4,82.0,-3.04,1,0.11,155.11,4,545.0,0.49991778523489994,0.5528187919463089,0.30056711409395975,0.3498573825503355,0.5429278523489927,0.34915604026845654,0.4361174496644294,0.29577013422818793,0.482835570469799,0.421167785234899,0.26186409395973176,0.410548657718121,54.27778523489938,51.0599463087248,29.79674664429531,-1.6393255033557022,23.327261744966442,-29.809177852348995,10.381617449664432,0.7725553691275168,-9.924412751677833,3.330541946308729,-11.897649328859057,-7.571350671140948,20,9,2019
51,0tyR7Bu9P086aWBFZ4QJoo,Monsters (feat. blackbear),True,70,"Wake Up, Sunshine",day,All Time Low,0.0493,369.0,174068,845.0,0.0,0,416.0,-3449.0,0,0.0611,78532.0,4,782.0,0.6317820299500831,0.45386356073211315,0.38642262895174684,0.3594675540765395,0.2816073211314475,0.3312545757071544,0.27894342762063196,0.496547420965058,0.3660183028286192,0.30217637271214626,0.3982662229617303,0.2797720465890184,53.13716638935106,58.14534608985021,30.99411813643927,-2.2007088186356074,33.76650582362729,-26.387708818635616,8.974627287853568,2.361555740432611,-12.521277870216299,1.9382179700499171,-10.551209650582365,-2.3602579034941775,3,4,2020
52,4LJhJ6DQS7NwE7UKtvcM52,What's My Age Again?,True,74,Enema Of The State,day,blink-182,0.0126,391.0,148360,951.0,0.000378,6,0.0878,-7419.0,1,0.0692,157.66,4,468.0,0.4914693520140108,0.7231838879159367,0.3723747810858147,0.41626269702276697,0.30046935201401037,0.2760192644483358,0.4943852889667244,0.27787040280210135,0.3663239929947462,0.2621155866900174,0.36723467600700527,0.36503502626970197,48.22782486865148,43.43115586690022,7.670936952714537,-9.120602451838877,4.180945709281963,-28.71357618213661,-3.099022767075305,0.6117968476357282,-10.778171628721541,1.8569947460595475,-6.792187390542911,-0.48951313485113945,1,6,1999
53,1AdYZ6X00nXmO613Y7GJOl,I Miss You,False,72,blink-182,day,blink-182,0.00113,423.0,227250,714.0,6.28e-06,11,0.0855,-8295.0,1,45.0,110017.0,4,593.0,0.3431657977059439,0.3821074035453598,0.2229739311783105,0.34767987486965557,0.36572471324296163,0.2812429614181438,0.39509384775808193,0.2899874869655888,0.3271970802919705,0.2548759124087592,0.3835516162669445,0.44693534932221035,47.65878102189776,36.790698644421305,-22.619551616266925,-13.171918665276333,3.7070437956204394,-27.610453597497404,3.3651167883211692,0.6913493222106358,-10.499534932221069,-7.474892596454634,-9.51382690302399,-1.2548373305526592,1,11,2003
54,6xpDh0dXrkVp0Po1qrHUd8,Adam's Song,False,69,Enema Of The State,day,blink-182,34.0,0.52,249627,775.0,0.0,0,364.0,-5803.0,1,0.0348,136028.0,4,382.0,0.6475583238958096,0.3534552661381648,0.381224235560589,0.293511891279728,0.4950147225368061,0.46580747451868665,0.2149399773499432,0.3305956964892412,0.2045300113250285,0.2946126840317101,0.18824462061155164,0.3029003397508494,48.88402831257084,51.43621404303505,3.3722525481313705,-6.7857950169875485,12.372046432616068,-25.223266138165318,-2.702332955832392,-2.1158607021517524,-3.7511494903737246,2.7912763306908244,-10.693321630804062,0.5602706681766698,1,6,1999
55,1fJFuvU2ldmeAm5nFIHcPP,First Date,False,72,Take Off Your Pants And Jacket,year,blink-182,0.000715,579.0,171533,928.0,0.0,0,0.18,-4344.0,1,0.0411,95594.0,4,882.0,0.6490014970059875,0.42115419161676665,0.31189520958083883,0.2587649700598805,0.35917365269461105,0.37342215568862247,0.3645913173652696,0.4704311377245513,0.3879266467065863,0.40625748502993997,0.2951287425149699,0.35044610778443147,52.63955389221556,59.40326646706586,-5.954116766467072,-13.76615868263473,2.061306886227543,-22.96434730538922,-1.6653892215568846,4.156827844311379,-3.7872305389221563,5.540781437125748,-12.608513473053897,-6.788835329341315,1,1,2001
56,6EE19skJ32p58xihYj2Waa,She's Out Of Her Mind,False,59,California,day,blink-182,0.00448,447.0,162720,967.0,0.0,0,487.0,-2706.0,1,0.0793,179991.0,4,606.0,0.6473036020583187,0.439471698113207,0.43798113207547174,0.3075077186963977,0.4400205831903949,0.4696963979416806,0.3445540308747858,0.5104150943396227,0.3318096054888511,0.37504288164665506,0.342545454545454,0.28723499142367037,54.7810394511149,57.886168096054895,26.816655231560894,-5.40729331046312,14.523222984562604,-31.033977701543723,4.315838765008578,1.4218113207547165,-7.833994854202403,5.539329331046313,-7.484492281303611,-10.015272727272716,1,7,2016
57,1kVWn6BRzI9CwGz2vwmXlH,Los Angeles,False,44,California,day,blink-182,0.00318,554.0,183267,976.0,0.0,1,0.0718,-2599.0,0,134.0,102089.0,4,354.0,0.5339340490797554,0.6776119631901845,0.30911503067484675,0.334622699386503,0.45586656441717793,0.3150736196319018,0.46224079754601205,0.36192791411042946,0.5439647239263803,0.46161809815950905,0.3917423312883438,0.41621932515337434,53.747087423312855,55.29003527607366,16.522565950920242,-10.695026073619635,21.21583742331288,-33.09616717791411,12.1982116564417,3.8826518404907984,-9.771331288343562,3.0133067484662557,-9.44593251533744,-4.374734662576688,1,7,2016
58,1BfzeCKzo8xSvJcYLmnP8f,Crawling,False,51,Hybrid Theory (20th Anniversary Edition),day,Linkin Park,0.0455,581.0,208960,699.0,3.74e-06,4,536.0,-5564.0,1,0.0337,105074.0,4,282.0,0.33922506738544506,0.48957547169811355,0.2318935309973044,0.2674393530997305,0.393010781671159,0.25318598382749335,0.28660107816711594,0.24839892183288423,0.5916684636118595,0.38426010781671155,0.2396010781671157,0.40720080862533664,49.10486522911049,43.789516172506765,39.592002695417804,2.799218328840969,21.783382749326147,-26.59689353099728,8.659141509433962,3.0201792452830163,-0.6884851752021546,1.629629380053909,-9.506064690026962,-5.353180592991913,9,10,2020
59,6nTiIhLmQ3FWhvrGafw2zj,American Idiot,True,76,American Idiot,day,Green Day,2.64e-05,0.38,176346,988.0,7.86e-05,1,368.0,-2042.0,1,0.0639,186113.0,4,769.0,0.6536762688614538,0.6810370370370376,0.41279561042523966,0.5193223593964332,0.4753209876543212,0.43586556927297704,0.3801138545953364,0.38097119341563795,0.5526899862825783,0.3965198902606307,0.42223045267489717,0.31113168724279866,54.748026063100056,70.78105075445811,17.01472976680384,-0.4208655692729776,-6.09737585733881,-32.581786008230466,10.641326474622774,-2.052500685871055,-12.297458161865574,5.255648834019205,-7.780338820301776,-2.9219602194787386,21,9,2004
60,0HJRAM7Gt9jXskuXjZeFX3,Holiday / Boulevard of Broken Dreams,True,57,American Idiot (Deluxe),day,Green Day,0.000659,0.29,493400,827.0,2.55e-06,8,301.0,-3451.0,1,0.0362,167086.0,4,0.45,0.4312699811202009,0.43351353052234065,0.28205663939584613,0.39046066708621746,0.27081246066708625,0.4299232221522971,0.2647331655129013,0.31877533039647593,0.42423788546255475,0.22318502202643173,0.24743926998112004,0.18783259911894246,53.0811371932033,41.56625235997486,5.925572687224668,-6.933438640654503,0.5347356828193826,-24.83880931403403,7.312207048458149,-1.8670427942101935,-5.780882945248592,0.7888565135305208,-9.218507866582764,-3.1439741976085624,21,9,2004
61,6L89mwZXSOwYl76YXfX13s,Basket Case,False,78,Dookie,day,Green Day,0.00293,442.0,181533,943.0,8.71e-06,3,91.0,-3205.0,1,0.0602,85064.0,4,781.0,0.3853744292237441,0.3306164383561643,0.36432572298325694,0.5826057838660579,0.3553561643835612,0.43675799086758,0.3225677321156775,0.3671339421613392,0.4064703196347032,0.3377366818873667,0.5919421613394213,0.33575494672754946,52.623076103500736,56.371203957382086,15.481085235920832,-6.673625570776261,0.9033089802130915,-20.63541552511415,-1.498302891933029,3.490599695586,-11.242811263318101,-1.6280289193302913,-10.360362252663613,3.406966514459667,1,2,1994
62,68pN2UQYhwQgPy7VrCFKuV,In Too Deep,False,0,"All Killer, No Filler",day,Sum 41,0.000192,566.0,207093,835.0,0.0,9,0.0581,-5885.0,1,0.0504,116041.0,4,749.0,0.42065437158469987,0.43372814207650323,0.3140355191256829,0.28545491803278694,0.5047103825136615,0.24982786885245897,0.3411912568306011,0.3103852459016394,0.45774590163934425,0.5206734972677592,0.31813387978142077,0.4725450819672131,50.98917622950821,59.54427459016395,6.551262295081968,-12.262853825136615,0.20710382513661058,-27.161135245901637,-7.219953551912583,1.6885833333333322,-5.294043715846989,6.094502732240428,-8.42920355191257,-5.574428961748631,1,1,2001
63,6FT9FZccFD6nE8dMNslz2n,Walk On Water,False,62,AMERICA,day,Thirty Seconds To Mars,9.16e-05,495.0,185467,787.0,0.0,8,167.0,-6.89,1,0.0368,140003.0,4,388.0,0.48237808641975294,0.4637407407407404,0.2725910493827164,0.32622376543209874,0.2504691358024688,0.275220679012346,0.23182561728395054,0.270796296296296,0.4011929012345681,0.3013888888888891,0.4568904320987652,0.35382716049382745,50.383026234567915,59.52834104938271,1.358827160493824,-13.401328703703696,17.146364197530882,-35.18440432098761,21.857239197530866,2.843063271604939,-10.574768518518512,4.587404320987653,-10.40874691358025,-1.715862654320989,6,4,2018
64,7793p4ZXhtbW5RpeRK7rid,Dangerous Night,False,52,AMERICA,day,Thirty Seconds To Mars,0.00212,295.0,199773,715.0,1.55e-06,2,242.0,-6533.0,1,0.0709,86937.0,4,242.0,0.38836137071651045,0.4956573208722743,0.5167632398753894,0.28944704049844233,0.38795950155763254,0.2603644859813085,0.360252336448598,0.3443099688473522,0.2612398753894083,0.31900467289719636,0.23872741433021816,0.3133691588785044,48.55152024922121,46.58292211838009,8.240208722741437,-6.6095264797507784,24.517549844236775,-34.71916199376952,4.480309968847353,1.7575623052959513,-8.335316199376948,4.339518691588785,-8.545110591900322,-6.127580996884737,6,4,2018
65,3jfr0TF6DQcOLat8gGn7E2,Do I Wanna Know?,False,0,AM,day,Arctic Monkeys,186.0,548.0,272394,532.0,0.000263,5,217.0,-7596.0,1,0.0323,85.03,4,405.0,0.41876670716889436,0.34507047387606304,0.3811555285540704,0.4210935601458083,0.4563791008505472,0.4470461725394898,0.32274726609963533,0.5164374240583237,0.352177399756987,0.29059295261239376,0.2953523693803158,0.24001458080194418,47.469382746050954,7.835729040097205,13.297007290400959,-5.606972053462941,-0.2534860267314711,-19.48145808019443,-2.5583742405832313,1.5133061968408263,-4.277003645200481,1.725356014580803,-10.23533049817739,-1.068975698663427,9,9,2013
66,2LlvrdnLa3XbB1b4jYuCnl,R U Mine?,False,0,AM,day,Arctic Monkeys,0.00616,288.0,201726,758.0,0.0,6,303.0,-5692.0,0,0.0371,97094.0,4,619.0,0.47366309341500784,0.6023598774885143,0.3862741194486985,0.2380612557427258,0.2649770290964777,0.272531393568147,0.47960643185298596,0.26652220520673825,0.23029249617151573,0.29440275650842235,0.24079326186830008,0.3742588055130167,51.996840735068886,35.03655589586528,10.417849923430321,-16.172232771822333,3.1746539050535945,-26.012431852986193,2.3243583460949497,6.4302419601837695,-7.0146401225114845,3.577787136294025,-9.302882082695241,-0.4070015313935677,9,9,2013
67,0NdTUS4UiNYCNn5FgVqKQY,Snap Out Of It,False,72,AM,day,Arctic Monkeys,249.0,728.0,193030,638.0,0.0,5,116.0,-6455.0,0,0.0336,130014.0,4,872.0,0.467022491349481,0.485846020761246,0.29765051903114187,0.3915536332179932,0.3699048442906577,0.5840034602076126,0.3401020761245672,0.3487422145328722,0.4269757785467126,0.29987024221453307,0.4150138408304501,0.24992560553633222,48.92374567474047,13.441015570934262,5.202650519031134,-1.599384083044982,26.494899653979232,-18.27244809688582,3.6474913494809704,3.6737733564013846,-11.622607266435983,0.9584515570934272,-9.599044982698961,-2.3778148788927327,9,9,2013
68,3px2rAPu74ltbkf9eZsZ8h,Emperor's New Clothes,False,67,Death of a Bachelor,day,Panic! At The Disco,0.00302,562.0,158667,904.0,0.0,1,0.0433,-4947.0,1,0.0807,94481.0,4,651.0,0.47821265377855837,0.5533567662565901,0.35578207381370813,0.46353954305799644,0.3596291739894549,0.45642355008787344,0.4386537785588752,0.33653954305799677,0.41870650263620407,0.3790000000000004,0.49549033391915703,0.39190861159929696,51.423121265377816,84.50677328646749,13.91843409490334,-12.51834797891037,16.177042179261885,-21.021233743409496,1.243873462214411,5.172485061511422,-12.485676625659055,3.829407732864677,-13.335316344463969,-2.4517398945518476,15,1,2016
69,3n3Ppam7vgaVa1iaRUc9Lp,Mr. Brightside,False,64,Hot Fuss,day,The Killers,0.00119,355.0,222200,918.0,0.0,1,0.0971,-4.36,1,0.0746,148114.0,4,0.24,0.4230314232902032,0.7146081330868768,0.33178558225508314,0.34061922365988856,0.2593733826247688,0.4017929759704252,0.4781293900184841,0.31327726432532405,0.3929260628465804,0.2809260628465804,0.37872643253234756,0.2902218114602586,53.88419593345658,47.327057301293905,19.583870609981528,-18.27322365988906,8.269323475046209,-29.770312384473197,-4.143062846580406,1.451737523105361,-8.780142329020334,2.29867652495379,-9.638804066543447,-8.832377079482436,15,6,2004
70,3yelVZf4p9wDpWjPav5mOn,Rescue Me,False,51,AMERICA,day,Thirty Seconds To Mars,0.00825,478.0,217960,676.0,0.0,11,0.0583,-6155.0,0,0.0708,148039.0,4,416.0,0.37972598870056495,0.39421045197740134,0.47874011299435,0.220069209039548,0.27030508474576304,0.2202175141242937,0.41138841807909643,0.4087288135593225,0.2894223163841808,0.36898587570621466,0.25505932203389836,0.4275197740112995,49.95073587570622,55.62643220338989,31.91692937853108,-1.8767485875706187,19.65966101694916,-26.327241525423695,4.878701977401132,4.38890960451977,-14.078129943502828,-0.3932387005649716,-10.016187853107324,-2.7489576271186444,6,4,2018
71,0jqK7sGTLsHPkQrrcrGuKD,Still Waiting,True,67,Does This Look Infected?,day,Sum 41,0.00105,431.0,158733,0.95,3.63e-05,7,272.0,-4918.0,1,0.26,191936.0,4,0.56,0.5715996677740866,0.4649019933554819,0.4003338870431891,0.3505083056478406,0.4706378737541532,0.35668604651162783,0.5152358803986716,0.5783970099667779,0.4533156146179405,0.43333720930232583,0.38922923588039865,0.5252342192691025,52.24412126245843,59.588136212624605,10.468538205980062,-13.530558139534879,8.577990033222589,-28.621210963455134,0.9424152823920267,3.959282392026579,-2.020749169435213,7.169171096345516,-8.73743355481727,1.646279069767443,1,1,2002
72,5YEHrYUjG9e0VPQLCp6vGo,Misery Business,False,58,Tickets To My Downfall (SOLD OUT Deluxe),day,Machine Gun Kelly,0.000674,461.0,201176,867.0,0.0,11,371.0,-3586.0,1,152.0,170015.0,4,717.0,0.6280483221476509,0.6701073825503356,0.35530067114093944,0.4119838926174497,0.3701422818791947,0.382186577181208,0.4819020134228186,0.3131718120805368,0.3982671140939601,0.30450335570469783,0.32801744966442953,0.46683087248322125,53.18650067114095,50.74975436241609,-17.06290604026845,-17.11912885906037,7.699485906040276,-32.92415436241612,-0.827868456375838,1.7572657718120808,-3.3571973154362458,6.928504697986572,-11.790279194630848,-8.078198657718126,29,9,2020
73,6PxNpy8jOjyZ8aGCD58LpW,acting like that (feat. Machine Gun Kelly),True,59,acting like that (feat. Machine Gun Kelly),day,YUNGBLUD,6.98e-05,522.0,191067,0.9,0.0,0,0.3,-2631.0,0,0.0719,160.01,4,579.0,0.5534058154235142,0.6296030341340081,0.4659873577749687,0.4166333754740832,0.3715372945638433,0.38100126422250297,0.37282174462705464,0.430299620733249,0.33693046776232594,0.3619051833122628,0.4221643489254109,0.28553223767383035,54.02158280657385,53.18794943109986,1.9849835651074486,-5.6682730720606855,15.056372945638437,-38.000335018963334,18.332152970922863,-2.4273742098609286,-12.230627054361573,5.997073324905183,-10.922519595448813,-7.764184576485457,2,12,2020
74,2f05boG7kunkUFOeEUyEGY,One Cup of Happiness,True,31,L.P.O.M.,day,Little Pieces of Marmelade,0.000728,483.0,171619,699.0,179.0,5,315.0,-4683.0,0,0.0501,99945.0,4,568.0,0.5974636174636176,0.4895530145530144,0.3187130977130977,0.361180873180873,0.2992203742203744,0.35675675675675705,0.3008939708939709,0.45150935550935545,0.30110187110187125,0.29383367983367986,0.3814781704781707,0.2995904365904368,52.70162785862786,65.22113097713094,21.908683991683993,-9.034661122661122,-22.003245322245306,-18.8887609147609,-8.963214137214134,-0.6373513513513515,-17.850486486486474,-3.366234927234928,-8.69580873180874,1.6584469854469857,11,12,2020
75,6HsiwlCqhhlMjYr8rTrR1c,Akane,False,19,L.P.O.M.,day,Little Pieces of Marmelade,197.0,388.0,250312,385.0,0.0131,0,253.0,-5686.0,1,0.0293,114833.0,3,0.0435,0.5720311958405541,0.24226169844020817,0.1947556325823226,0.21915771230502612,0.45587694974003456,0.27057365684575396,0.1527521663778163,0.23925649913344896,0.22162564991334474,0.3632911611785094,0.1344142114384749,0.42620970537261715,48.31036221837087,-10.242675909878681,10.547461005199308,-12.965409012131705,-2.0849913344887336,-20.043346620450624,-2.610048526863086,-2.9251975736568463,-8.324863084922006,-5.204915077989605,-9.394786828422873,-8.69568110918544,11,12,2020
76,6K0aUxmqt6Y0pHdFoAiNT5,trying,False,33,hypnagogia,day,brakence,817.0,469.0,227988,541.0,0.0,10,221.0,-8487.0,0,518.0,143726.0,4,387.0,0.4399412416851439,0.5024412416851445,0.28057871396895795,0.3933935698447892,0.28510643015521053,0.4159356984478937,0.40645343680709506,0.29385033259423493,0.39749889135255,0.26213968957871414,0.3872350332594235,0.23870066518847022,44.12194567627493,-34.66345565410198,-24.72501219512194,-23.869946784922387,32.472109756097566,-22.145076496674044,-15.727056541019955,-2.5367960088691794,-4.723138580931269,0.82980820399113,-12.550615299334813,-1.7352039911308197,27,4,2018
77,1XnnLXcvFd21B25H4IHEIY,fwb,True,52,punk2,day,brakence,149.0,697.0,137752,544.0,0.0,11,745.0,-7109.0,1,501.0,169252.0,4,833.0,0.43116330275229364,0.6478642201834863,0.30255779816513767,0.42911376146789,0.34225871559633025,0.2391174311926605,0.25334862385321105,0.22479816513761466,0.2777247706422019,0.20390642201834852,0.2338899082568809,0.3160385321100918,47.45696146788989,45.05146605504587,-34.64514678899086,-20.04732477064218,33.676864220183504,-6.788201834862383,-14.699799999999993,3.45517247706422,-5.310634862385321,6.546755963302749,-21.345860550458678,2.950245871559632,1,7,2020
78,5fr1gqzvwrPrGS76ltBsFK,rosier/punk2,True,54,punk2,day,brakence,654.0,521.0,222493,254.0,0.0,2,427.0,-13554.0,1,407.0,115.65,4,0.55,0.26949443757725583,0.3936736711990108,0.37538195302843025,0.23304326328801,0.3999196538936961,0.23920024721878874,0.3673695920889984,0.3423770086526574,0.27102348578491925,0.3559270704573544,0.20165018541409166,0.2867008652657603,36.999107540173036,19.023793572311494,-22.66743881334982,-24.210458590852944,40.26288627935722,-16.159131025957954,-23.927972805933273,2.86151668726823,-5.094369592088999,4.873203955500621,-13.263050679851656,7.1261347342398045,1,7,2020
79,2jvXg9Sfn5pe0ejARs5wGi,prozac,True,46,punk2,day,brakence,251.0,715.0,188793,582.0,0.0,11,836.0,-7863.0,0,364.0,98.5,4,642.0,0.5058949416342409,0.4559066147859918,0.3303981841763942,0.25564850843060977,0.3325771725032424,0.263616083009079,0.3532036316472114,0.40635538261997395,0.29565239948119343,0.38786381322957186,0.26671465629053187,0.3565097276264593,45.12484565499346,52.39818677042805,-2.279946822308687,-8.499870298313871,31.708989623865115,-17.249953307392992,-16.624289234760045,-0.26427756160830046,-7.199499351491571,3.967876783398189,-13.167880674448773,1.9462062256809325,1,7,2020
80,6GVW5k7CvUbUCt10bSUIIW,ginger tea,True,49,punk2,day,brakence,196.0,437.0,177588,451.0,0.0,5,0.21,-12991.0,1,0.0602,144494.0,5,316.0,0.5319590909090917,0.4785515151515155,0.4076893939393937,0.2436242424242426,0.34611212121212115,0.33742272727272765,0.18025454545454545,0.26604242424242386,0.1809363636363637,0.27319696969696966,0.22351666666666653,0.2795818181818182,40.86077121212122,48.45301666666666,-4.872701515151517,-11.568834848484858,28.693818181818184,-20.740572727272742,-10.219540909090938,-1.176625757575762,-14.898322727272747,1.4917484848484857,-11.412774242424247,2.831439393939396,1,7,2020
81,4po22h0QrYpOz9IRoX2aft,brakence 2.0 freestyle (feat. Majent),True,42,punk2,day,brakence,211.0,592.0,161438,406.0,0.000164,8,0.0966,-13259.0,1,347.0,96.76,4,183.0,0.5590130813953491,0.5619156976744185,0.29771802325581415,0.2655668604651161,0.27418604651162765,0.29144476744186065,0.29495494186046467,0.39541715116279025,0.34776162790697673,0.33855523255813946,0.29796220930232525,0.2432267441860465,38.60078779069765,-14.146922965116293,-66.7051482558139,-20.87919622093024,16.19367005813953,-20.246603197674403,-2.9116729651162814,6.499376453488378,-3.007375,3.055501453488363,-20.13509156976744,-1.7200116279069773,1,7,2020
82,7HJIsMRaspjB0Dvi2qzOgp,sauceintherough - bonus track,True,49,punk2,day,brakence,167.0,0.74,113032,463.0,0.0,11,147.0,-6718.0,0,0.38,77547.0,4,734.0,0.40863915094339653,0.51902358490566,0.42819103773584943,0.2788702830188677,0.3662311320754717,0.27115801886792434,0.35928773584905693,0.2629622641509434,0.22754481132075483,0.27293632075471724,0.19269103773584895,0.3488325471698114,46.630877358490544,46.442134433962266,-0.8154386792452831,-7.248094339622636,38.912459905660356,-10.370742924528319,-1.9152570754717015,2.7952452830188683,-15.600731132075484,4.3266179245283025,-17.76605660377359,5.01219103773585,1,7,2020
83,7jjnn6K7p5MgOFuqLypAcM,PILL BREAKER (feat. blackbear & Machine Gun Kelly),True,61,Pegasus: Neon Shark vs Pegasus Presented By Travis Barker (Deluxe),day,Trippie Redd,16.0,527.0,177059,0.79,0.0,2,0.37,-6268.0,1,0.0788,153034.0,3,236.0,0.4775895865237372,0.5659709035222057,0.4089448698315469,0.25165849923430306,0.2892756508422667,0.22389739663093403,0.3494977029096476,0.3272618683001532,0.3009494640122511,0.3769295558958654,0.275457886676876,0.3636370597243489,49.53153751914245,43.18158958652368,-0.5230214395099506,-13.917018376722815,18.90678101071977,-25.44502297090353,1.4436079632465557,0.5798085758039816,-16.570269525268003,1.3847335375191416,-9.286736600306279,-10.090805513016846,19,2,2021
84,3VAwH0vRDwvKl8jRVnQU0w,GERONIMO (feat. Chino Moreno),True,47,Pegasus: Neon Shark vs Pegasus Presented By Travis Barker (Deluxe),day,Trippie Redd,0.000628,431.0,179201,782.0,0.000819,9,0.0478,-3623.0,1,0.0333,113968.0,4,261.0,0.3480399201596809,0.6282814371257484,0.5097465069860276,0.2294491017964069,0.2499001996007984,0.1819540918163674,0.29449900199600804,0.17964271457085856,0.26184031936127744,0.38536526946107763,0.23539520958083834,0.23950499001996023,53.682532934131764,48.077119760479015,11.66749101796407,-16.094892215568844,5.345207584830333,-33.176850299401195,3.3706267465069866,-1.5348283433133723,-5.089295409181636,2.1006347305389226,-8.442666666666662,-1.999732534930138,19,2,2021
85,0yFfjXtSDkr81WVAPPS1Q4,RED SKY (feat. Machine Gun Kelly),True,53,Pegasus: Neon Shark vs Pegasus Presented By Travis Barker (Deluxe),day,Trippie Redd,0.0249,472.0,152149,769.0,0.0,7,239.0,-4198.0,1,0.0419,159999.0,4,587.0,0.5160642023346299,0.31994552529182874,0.29134046692607013,0.18047470817120606,0.30391439688715977,0.21901556420233473,0.4096225680933853,0.47859533073929983,0.28491828793774315,0.3931926070038912,0.28439494163424134,0.5334630350194556,51.99547665369656,31.810315175097266,0.34707003891050625,-9.789607003891048,18.472852140077816,-32.50146108949419,0.6872548638132328,-6.09340661478599,-10.561029182879373,0.7711498054474711,-9.193001945525287,-1.5881361867704287,19,2,2021
86,6coKWDju9pNBRXdno3p1sa,Mamma Non Mi Parla,True,37,Mamma Non Mi Parla,day,NASKA,0.000519,0.42,169765,947.0,0.0,11,0.0905,-3277.0,1,172.0,84.72,4,334.0,0.5606184397163125,0.6028297872340428,0.34164680851063806,0.47702127659574395,0.4775574468085105,0.4787730496453898,0.5627773049645387,0.3774127659574468,0.4172283687943267,0.3176907801418443,0.36562269503546085,0.42364255319148936,53.84584964539013,48.305943262411354,12.16119716312057,-6.359896453900703,-2.0216042553191484,-26.423262411347515,12.703896453900713,-1.9963446808510652,-15.149031205673758,3.6265943262411384,-12.27090070921986,-2.977731914893615,29,1,2021
87,4nEYidcaoFBLj9veMFc0Qf,Flames (feat. Avril Lavigne),False,54,Internet Killed The Rockstar,day,MOD SUN,0.00316,0.54,151989,631.0,0.0,8,104.0,-4569.0,1,0.0336,84903.0,4,194.0,0.4802468354430382,0.3616265822784811,0.23184388185654028,0.39439662447257373,0.22036708860759485,0.23523839662447263,0.24137974683544305,0.41437341772151903,0.4286033755274263,0.2537088607594937,0.2764514767932489,0.17017932489451482,51.068732067510545,33.007337552742605,9.105145569620245,-7.334383966244722,20.02401687763714,-20.93729746835444,17.92430590717301,3.180263713080168,-4.310462025316455,2.352295358649789,-14.714835443037991,-1.6911708860759476,12,2,2021
88,7vXtuHrqgzQi58ihUO7L2d,Karma,True,60,Internet Killed The Rockstar,day,MOD SUN,0.0246,461.0,159394,825.0,0.0,8,224.0,-3583.0,1,115.0,198045.0,4,412.0,0.5587858508604209,0.48886806883365147,0.3591357552581261,0.5418718929254301,0.32639388145315484,0.42802103250478,0.3075372848948374,0.3785697896749525,0.38862523900573587,0.27243403441682595,0.37344550669216015,0.25938814531548765,53.1088585086042,83.8623250478011,26.667483747609943,-4.252021032504777,41.41893116634804,-27.87482217973231,15.088061185468462,4.928957934990439,-12.996871892925435,2.8874837476099415,-10.904393881453146,1.038686424474186,12,2,2021
89,1OJX5Rkvu0NfzIywy4Re9U,Betterman,False,45,Internet Killed The Rockstar,day,MOD SUN,0.00315,523.0,179363,957.0,0.0208,4,124.0,-3236.0,1,0.0633,162048.0,4,448.0,0.4689638205499281,0.5259175108538345,0.30262952243125896,0.4057858176555718,0.5914703328509409,0.34156874095513773,0.3103328509406657,0.24950940665701846,0.4557192474674383,0.4821490593342976,0.35336179450072336,0.3979840810419682,52.660024602026056,21.40123589001446,-0.20520839363241128,-2.2283053545586102,12.463463096960918,-36.67154703328509,24.045985528219948,-1.7120405209840823,-2.5375629522431282,4.138817655571637,-8.679791606367589,6.279848046309688,12,2,2021
90,4dNLIWXzl5QHgtmh1Iegxc,lovesong//slacker,True,37,lovesong//slacker,day,brakence,0.68,861.0,265427,501.0,0.0,5,0.19,-7265.0,0,474.0,123004.0,4,564.0,0.4900964912280696,0.5155122807017543,0.2827684210526313,0.3809885964912278,0.3067061403508776,0.42801666666666677,0.26113684210526306,0.29536578947368447,0.37327280701754323,0.2840605263157896,0.5027578947368414,0.3060552631578944,43.31451929824563,8.440347368421046,-75.28197719298247,-29.91546578947366,50.706896491228065,-15.957918421052652,-20.601722807017524,-1.8432675438596502,-9.110998245614036,5.995887719298233,-18.810002631578936,1.8147052631578942,22,8,2018
91,3lPn81PFyKvXiyHhlkwkQ4,Doomed,True,60,That's The Spirit,day,Bring Me The Horizon,0.00152,271.0,274133,903.0,1.5e-05,6,189.0,-4516.0,0,137.0,147159.0,4,0.22,0.4578015783540026,0.6391488162344983,0.424614430665163,0.3386505073280719,0.4147688838782408,0.4195107102593011,0.5627136414881617,0.37485794813979645,0.32296956031567087,0.3977418263810599,0.2775997745208567,0.3921544532130781,50.40739571589628,39.314960541149965,10.978756482525355,-7.118213077790293,15.06360541149945,-38.099441939120624,4.143692220969557,-0.20335625704622426,-10.852043968432907,0.023377677564824274,-7.066050732807211,-3.7023697857948146,11,9,2015
92,1KTJmfwrk5pYqsi9mkY3nT,True Friends,False,63,That's The Spirit,day,Bring Me The Horizon,0.000683,419.0,232320,938.0,0.0,7,114.0,-3.12,1,0.0837,160151.0,4,333.0,0.5070192307692304,0.5735820512820515,0.5671769230769229,0.3458333333333333,0.3340871794871796,0.37054230769230745,0.3240474358974358,0.45609487179487224,0.2988782051282053,0.403598717948718,0.34448974358974344,0.3143576923076924,54.07473076923082,77.72687051282054,20.56075641025642,-13.687733333333327,14.41204871794872,-29.67709743589742,0.7850589743589735,-1.1546756410256407,-11.349249999999989,3.2868961538461505,-8.042728205128203,-0.5852346153846149,11,9,2015
93,1wvs9V8xEJStRzx78lSNJK,Run,False,55,That's The Spirit,day,Bring Me The Horizon,0.00301,481.0,222760,938.0,0.000153,11,0.0859,-4759.0,0,0.0781,134962.0,4,357.0,0.39500375000000054,0.5011249999999998,0.4397424999999997,0.33797750000000015,0.5231749999999996,0.356765,0.5025799999999999,0.47076375000000015,0.3287212500000003,0.3274787499999998,0.2608949999999998,0.5195012500000004,50.87519875000001,26.147553749999993,13.230167499999999,-12.106728749999997,23.031708750000057,-38.51721374999997,9.665454999999998,-1.5366850000000003,-10.299795,0.9316749999999998,-6.308331250000002,-4.447038749999999,11,9,2015
94,1H5a6C6jqWN6XQI0Unq7W3,Oh No,False,55,That's The Spirit,day,Bring Me The Horizon,0.00626,505.0,301013,827.0,1.07e-05,0,112.0,-5517.0,1,0.0456,114987.0,4,0.0974,0.5827862595419852,0.5101994274809163,0.369396946564885,0.32885114503816804,0.5465333969465652,0.5517538167938927,0.4014713740458009,0.48263835877862604,0.26924236641221383,0.34059446564885465,0.18655152671755684,0.2779980916030537,48.93673568702293,21.41649999999997,0.5667499999999814,-19.439798664122094,19.0603578244275,-36.48201908396941,-0.9481259541984735,2.576857824427479,-7.378004770992355,1.190138358778626,-5.7531068702290105,-3.206623091603056,11,9,2015
95,1uA914Md6wsy9NDryyBypH,Man Of The Year,True,2,Legends Never Die,day,Juice WRLD,0.00584,621.0,136408,695.0,0.0,4,86.0,-5124.0,1,0.0911,173966.0,4,298.0,0.41968762677484794,0.4808782961460444,0.22446855983772823,0.29114401622718045,0.4138640973630832,0.24100405679513226,0.3785659229208923,0.33244016227180506,0.45263691683569984,0.3899472616632858,0.2559371196754564,0.2753427991886409,50.003890466531416,62.37567342799186,-2.022304259634884,-7.771758620689664,2.6614381338742383,-11.830754563894526,-0.439638945233266,1.5743306288032464,-7.922795131845844,2.7505354969574056,-13.049144016227183,-4.843563894523322,10,7,2020
96,4dVR8jBG0RQ7jbdi8GRkyd,i wanna slam my head against the wall,True,58,i wanna slam my head against the wall,day,glaive,0.0605,476.0,116551,816.0,0.0,5,107.0,-3412.0,1,139.0,182269.0,4,584.0,0.575397094430993,0.4819322033898307,0.40014527845036346,0.21826150121065369,0.2727602905569008,0.4627336561743337,0.3481041162227602,0.4903825665859568,0.32895399515738527,0.3830121065375303,0.3757966101694914,0.2795835351089589,52.39630266343828,53.68889104116221,-39.69329297820823,-25.700099273607744,28.261721549636803,-27.081276029055687,-8.953324455205813,2.5765496368038736,-11.986832929782095,2.8632300242130735,-13.311583535108953,-4.586152542372887,17,3,2021
97,4kFHZepxfNcgnR5TzY2Eqx,dnd,True,57,cypress grove,day,glaive,0.0517,618.0,137400,852.0,0.0,2,0.19,-3654.0,1,46.0,154684.0,4,629.0,0.38925604838709665,0.46780241935483896,0.4340060483870967,0.25428427419354854,0.4780161290322581,0.23010282258064504,0.3407741935483871,0.35972379032258067,0.29651008064516127,0.3843145161290321,0.25331854838709694,0.4185524193548386,52.889715725806504,100.2750967741935,-27.083647177419365,-22.76816330645161,25.964713709677405,-20.641427419354837,-12.456848790322585,3.52924193548387,-6.457540322580648,9.924048387096772,-15.500008064516127,-1.3545241935483865,19,11,2020
98,5PK7AzBXo9hiOWxxqkSC1S,cloak n dagger,True,54,cloak n dagger,day,glaive,0.0133,507.0,129000,852.0,0.0,1,0.0794,-3.34,1,0.0757,82501.0,4,429.0,0.4979531250000003,0.6274508928571427,0.29048214285714297,0.33268526785714264,0.2800915178571426,0.46927232142857106,0.37639955357142857,0.32983258928571446,0.47972544642857146,0.29443080357142826,0.3813995535714284,0.3116026785714289,53.15557142857146,73.57905133928573,-9.31407589285715,-18.95641964285713,34.422439732142855,-29.796982142857168,-2.8854598214285723,4.409455357142859,-21.35074776785714,3.611580357142856,-11.91911160714285,-4.8112834821428505,21,1,2021
99,6jRj5tzddShW6JVEktRePw,arsenic,False,49,arsenic,day,glaive,0.0782,533.0,111476,0.79,0.0,6,168.0,-158.0,1,0.07,148327.0,5,752.0,0.46193187347931874,0.5377274939172748,0.24712895377128927,0.3098321167883214,0.21485644768856443,0.3206131386861311,0.3444452554744527,0.2437250608272506,0.40868613138686133,0.25091727493917265,0.4877591240875912,0.4445377128953774,56.09103406326036,102.37354987834563,-14.62635279805353,-27.132289537712893,52.97451094890513,-20.66437712895376,-11.78067153284673,7.431031630170315,-20.021389294403896,5.479931873479316,-15.737452554744523,-5.444396593673967,2,9,2020
