,std_features
0,"[1.5338749222892076,-0.8865250437542864,-0.1,-0.587698924812165,0.8294372198635139,0.29136895824290027,-0.3577842543613723,-1.067714988772932,-0.47909725395790015,0.5294256122754176,-0.15845530690958112,0.553208165085614,-0.2522587020144705,1.6760019675478521,0.7625146368618583,0.258720089348875,1.5228097486542147,0.16469149240696354,-0.31450921737741383,0.7004939490511485,-0.6009745109247547,-0.5448658990917015,-0.6594816063604471,-0.11240796955651283,-1.1571048814622686,-0.38937426934180674,-0.13080495120158458,-0.14604081436670535,0.2746254074908245,-0.33295348283658877,1.0663095291956781,-0.36214052264534674,0.08812592362253964,-0.6318007014003454,-0.5105748344596613,-0.890360048802483,-0.24253946649413868,0.29914782464243184,0.7440234517331233,-0.6517737272524579,1.4624378256311557,-0.3094086314944565,0.7434321090601161,0.8985595332703231,0.6877560294971398,0.4871944541353288]"
1,"[1.0168384316299242,-0.8865250437542864,-0.1,-0.587698924812165,0.8294372198635139,0.5409355177657266,-0.3577891974001016,0.5205780977698763,-0.9331891483451141,-2.3748413310499177,-0.15845530690958112,-1.0899844044756146,0.593527381720225,-0.18242916059517578,0.7625146368618583,-0.0615137020230238,0.8014889495543345,0.16469149240696354,1.4680494447359884,0.996205026187446,0.7494068015789306,-0.3517161760928605,0.651393496320257,-0.6546509130406445,0.21102302964154723,-0.4205553983247667,-0.14057981809272613,1.1806786400471094,-0.4903448439847094,-0.06201635556832298,-0.8282533834900426,0.1493330720435575,1.0056103999621386,-0.45146835173716615,0.12119701113760302,-1.1946552624390179,-0.09019971061979784,-0.6203943953143433,-0.004815188585368977,-1.4807382575896122,0.1360862939444314,-0.06019679994963443,-0.5374193266057785,0.8985595332703231,0.6877560294971398,0.4871944541353288]"
2,"[0.49980194097064085,-0.8865250437542864,-0.1,-0.587698924812165,0.8294372198635139,0.7905020772885529,-0.35761471625678753,1.1643380863353998,-0.8386233300809093,-2.375121885726566,-0.15845530690958112,0.553208165085614,1.3453372339288434,0.019037393618460394,-1.298335733035056,-0.44414643996456915,-0.572252924993136,0.16469149240696354,-0.34436067822620287,-1.104737464217408,0.22423311189790826,1.4275052127504981,0.8261182426859459,0.007036543785566794,1.27716701379499,-0.08952472591946564,0.4954053663422873,-0.8786274684518388,-0.37632480006782376,-0.4601512220869488,-1.9292801163112387,0.07157032485902665,-0.3948524295697831,0.14482877567698027,1.4767083913854282,0.7002237586378909,0.591218419014069,1.4351545292238528,-0.11248388446985016,-0.4613216467058136,-0.526573211660885,-0.08089752129690683,-0.46004646413187306,0.8985595332703231,0.6877560294971398,0.4871944541353288]"
3,"[0.25851824532964196,-0.8865250437542864,-0.1,-0.587698924812165,0.8294372198635139,1.0400686368113792,-0.35778962858805646,0.3306161339308693,0.15946641754635854,0.6311266825603112,-0.15845530690958112,-0.8161189762154099,-0.29454800620120525,0.15165746347851586,0.7625146368618583,-0.4438686719585748,0.7632727729146475,0.16469149240696354,0.3464874157029148,-0.44003421757525757,0.9394149392721712,0.4155147696545583,-1.0062657312235248,-0.5372674710788431,0.021358725275500576,1.8603713355377773,0.5410481164615266,0.5858030977075169,1.4421185084400108,0.4352993158815826,-0.10862363034717075,0.700724815684349,-0.2654992138802362,-0.8930062842245678,-0.7397984107580474,-1.079401784724864,-0.4997873041269007,1.324245882123293,0.6625474504269617,-1.6318618813882795,-0.6890676985726419,-0.4332589567245048,-0.43437824975830996,0.8985595332703231,0.6877560294971398,0.4871944541353288]"
4,"[0.5342710403479264,-0.8865250437542864,-0.1,-0.587698924812165,0.8294372198635139,1.102460276692086,-0.35778833502419183,0.9690994012786427,-0.38697541790245316,0.6907445513480076,-0.1583671738525152,-1.0899844044756146,-0.07840267369122754,-0.07771003439420301,0.7625146368618583,-0.4438839874877274,-0.38248786823588793,0.16469149240696354,0.4147193262144326,1.3050245079629812,1.5272276306740329,-0.12338801128857085,0.8079144290376469,-0.2908840145223767,-0.004639192323822435,0.32165514951926566,-0.15129682820138177,1.5057674285854337,0.5002444906182631,0.9462781944923181,-1.1415544539546014,0.10675174095722674,0.7114315665445482,-0.6525861401588186,0.06355686901924772,-1.542255143940733,0.20206785485251508,0.13607713721066134,0.8677592709232723,-0.23372178983027903,0.11603505226696095,-0.002518429177974355,0.9048393347072083,0.8985595332703231,0.6877560294971398,0.4871944541353288]"
5,"[0.15511094719778526,-0.8865250437542864,-0.1,-0.587698924812165,0.8294372198635139,0.41615223800431345,-0.35757722165201394,1.2751492319081539,-1.0790948862079595,-0.189495746635038,-0.15845480373131346,1.1009390216060235,-0.9895402987103148,-0.8263249642599806,0.7625146368618583,0.022025547900080236,-0.8116379875470235,0.16469149240696354,-0.3827411278889316,-1.606381989162785,0.49755291728106793,-1.0666040290573278,-1.467234844389617,-1.098852759732622,-1.3067386829783192,-0.8062054800643031,-1.5648739515449812,-1.1019377461232929,1.059197762762194,-1.4226407190090253,-1.5025202319802802,-1.311527681359921,-0.2825501545919444,-1.8397397551326111,2.457832175892244,0.7243981910208566,-0.026516350403245927,1.2437456307466375,-5.663062769595952,0.5599387232553827,1.6084281281328217,-2.3950103918355734,-0.27539027255352355,0.8985595332703231,0.6877560294971398,0.4871944541353288]"
6,"[1.0513075310072098,-0.8865250437542864,-0.1,-0.587698924812165,0.8294372198635139,0.3537605981236069,-0.2640544289651673,-0.08096812105364581,-0.08519249476503023,0.17522533300733947,-0.15845482115296428,0.2793427368254092,-0.46840403452444823,1.6754765601672592,-1.298335733035056,-0.44388050668564727,0.8756138390745257,-1.8939521626800788,0.154585167389271,-0.8697487776915459,0.824315031798665,0.6218438110700213,-0.6085001976183183,-0.4836477738993063,-0.9918276696918011,-0.1007765652647906,-1.3231693711061476,-0.6464025054408296,1.0818054585372745,-0.2699827495715004,-0.11941651380584331,-0.7019358277297025,-0.6755355938918353,-1.0981025643655067,-1.0508029721923198,-0.3201975965564951,-0.7383808787230013,0.31818754738139987,0.19566394776181048,-0.10924837398313994,0.6160550173138994,0.0027453311995402434,1.3119076731632093,0.8985595332703231,0.6877560294971398,0.4871944541353288]"
7,"[0.017234549688643026,-0.8865250437542864,-0.1,-0.587698924812165,0.8294372198635139,-0.0829808810413392,-0.35779047409139414,-0.1865025454086497,-2.209876574556055,0.8906397584596952,-0.15845529348466195,-0.2683881196950003,-0.9894082621050206,0.3545734173627537,0.7625146368618583,0.5859154848810325,0.7637876615220683,0.16469149240696354,1.6514227042356926,0.7102799197653342,0.15613598830171593,-0.40990889820670556,0.5279077833775092,0.6631893179859869,0.5982674902600054,1.2865906968713428,-0.12119986450813089,0.8246613625463725,-0.4630973636670646,0.44243607811872726,2.1625233552320724,0.9210679862073189,0.9132032596787655,-0.4248724789838332,-1.4147445681763695,-1.1149275575493869,-1.3413391033449995,0.09567111841126633,1.5101796392375502,-0.8376705169568798,0.9185548483171964,0.56936231675565,0.293798802311609,0.8985595332703231,0.6877560294971398,0.4871944541353288]"
8,"[0.9823693322526387,-0.8865250437542864,-0.1,-0.587698924812165,0.8294372198635139,-0.4573307203255787,5.185161464801304,0.6999866191733829,-1.8260573152779926,-0.18248187971883842,-0.1584552795473413,0.553208165085614,2.454256765936555,1.6734292831325341,0.7625146368618583,6.14823720892771,1.1655342649493565,-6.011239472854164,-0.8475710182486466,-0.1510585694367339,0.06872706784940841,1.7922857727562318,1.32319116905493,0.8582373181388446,0.933245497505746,1.2192490114226222,1.1639300967377917,1.1248996623141925,1.6027968972946982,1.2534186305163002,1.0344038918959984,-3.480095844434826,0.8730139322808679,2.46133427200378,3.6072221447478756,2.1662182081022148,4.592432969521537,-1.4951767410491887,1.9537812747724617,-2.384114218997402,-0.7281353362168198,-2.4136072153402623,4.309694855335872,0.8985595332703231,0.6877560294971398,0.4871944541353288]"
9,"[0.43086374221606977,-0.8865250437542864,-0.1,-0.587698924812165,0.8294372198635139,0.3537605981236069,-0.35778894118696897,0.19342138226936426,-0.572701772553327,0.9572714941635911,-0.15845530690958112,1.648669878126433,-0.9884215116739967,0.5911879135884811,0.7625146368618583,-0.4439939808334595,-0.4770557424655325,0.16469149240696354,1.1396833753993092,-0.19578523039061904,0.10750701837522644,-0.6926044140795244,0.42036742091861123,0.6430408817628962,0.020841828644379633,1.395635192480848,-0.0021852416307973233,0.9276998567345981,-0.13167630217986173,0.27683381046836675,2.0135223681308383,0.9749008762259752,0.4059968557303832,0.30593374321013656,-0.40412767935589133,-0.924939945496389,-0.5750073365659314,0.8829262837309511,1.0845009829529286,0.012466223596878814,1.0555640850125423,0.293225519044146,0.34646475340417526,0.8985595332703231,0.6877560294971398,0.4871944541353288]"
10,"[1.1891839285163521,-0.8865250437542864,-0.1,-0.587698924812165,0.8294372198635139,1.4768101159763254,-0.3577613826524603,1.3754069350454077,-0.9109652034601425,-0.010642140271949044,-0.15845530690958112,0.005477308565204465,-0.3274396872353323,-0.18242916059517578,-1.298335733035056,-0.4440997972166954,0.09357432419582148,0.16469149240696354,-0.5405274209468165,0.28485044828413625,2.00005900786059,-0.058119950197024976,0.33286474994037896,-0.7630236156503964,0.5202444011320267,-1.7139803634151578,-1.559940684450847,-1.3332379352328732,-2.26854539218514,-1.1746145991156456,-1.8586705851855079,0.09258845112001213,0.44457540419912206,-1.1702330268953347,-0.1582961233593437,-0.3258185046211893,0.05220721050809801,0.5080494113133492,-1.0714927976584516,-1.5820787774661156,1.1057103910746662,-1.8560065008929867,-0.6241870031091217,0.8985595332703231,0.6877560294971398,0.4871944541353288]"
11,"[0.9479002328753532,-0.8865250437542864,-0.1,-0.587698924812165,0.8294372198635139,0.2289773183621937,-0.35778709770223427,1.2487656258194029,-1.267477034859017,-0.35782855262382757,-0.15845530690958112,-0.8161189762154099,0.9130465689088877,-0.3748369668675513,0.7625146368618583,-0.4441485284458172,-2.2865634828310446,0.16469149240696354,0.8838137109811174,-0.41157561889547906,1.7287407196585471,2.3124403366623842,0.8531943187012354,0.2811204402259172,-0.2519908898342606,-0.2933576420428801,-1.6756826524058526,-1.4169177853935944,-0.8509463669835691,-1.217406055942506,-0.5941305465473419,-0.21953736852479996,0.6123402540131513,-0.9275444733346585,0.06062738663382278,-1.1622507031984137,0.6289024793750781,0.5351652780484115,0.8933216475482851,-1.2860042724685747,1.0146361142072928,-0.9479750313822654,-0.6174256556640882,0.8985595332703231,0.6877560294971398,0.4871944541353288]"
12,"[1.258122127270923,-0.8865250437542864,-0.1,-0.587698924812165,0.8294372198635139,0.5409355177657266,-0.3577880038218496,0.4783643280278747,-0.3769713840612709,-2.374981608388242,-0.15845530690958112,0.8270735933458188,-0.2522587020144705,-0.044736191888014365,-1.298335733035056,-0.4440810008854627,-2.2873373413380502,0.16469149240696354,0.3550164045168545,0.09723295612056493,0.1954164756866259,-0.8175380975081261,0.6375452599303816,0.4259342834525044,0.034121026648725766,0.9967395476884099,0.2606833187044327,0.5600629295994458,-0.27955565727059156,-0.030223383214911876,0.20749545643108355,0.29698536853563506,0.20347411760674883,-0.7793309790741468,-0.18504350944663098,-0.885654902438708,-0.548990020040809,0.5091606478599952,-1.491718855582143,0.1451430192454342,1.4386070488272145,-0.4607413710361168,-1.1096448876822655,0.8985595332703231,0.6877560294971398,0.4871944541353288]"
13,"[0.2240491459523564,-0.8865250437542864,-0.1,-0.587698924812165,0.8294372198635139,-0.27015580068345896,0.4483430617336603,0.03511974573685845,-1.6982207525452306,-0.3017176172942311,-0.15845530690958112,0.553208165085614,0.2176224556159159,-1.4720325175130375,0.7625146368618583,-0.4440162579667723,-0.7178901210995678,0.16469149240696354,-0.7494876468883398,-2.2881859497256327,-2.076961846293139,-0.20436021710646518,-1.1589427717375511,-0.12084589467950876,-0.951810804868141,-0.3951285768251034,3.298117992241624,0.2403632716231494,-0.4791507264652565,-1.0152978987649137,-0.7664051622322647,-1.6654329542832915,-0.621075701690334,0.3597885166865699,-0.2270198114780804,0.4942103203928645,0.4307815533605211,-0.6889228943863991,0.3210701814187937,1.190386834699985,0.8434065085446611,-0.24467102705915003,-0.28626164729789966,0.8985595332703231,0.6877560294971398,0.4871944541353288]"
14,"[1.3270603260254943,-0.8865250437542864,-0.1,-0.587698924812165,0.8294372198635139,0.3537605981236069,2.8542468680411046,1.0904639892868973,0.1114666069663538,-0.8242507025510988,-0.15845530690958112,-1.3638498327358193,-0.4871992808296637,-1.719155161350627,0.7625146368618583,-0.25643861851026656,0.325274197535241,0.16469149240696354,0.8710202277602078,0.6099877619707694,-2.226544277817574,-0.9000173595302274,-1.5667130758299734,0.5254767734386749,-0.20340097220685707,-1.6130296428956403,-0.2695306360833649,-1.725581106390461,-0.6983432986789968,-2.016192557097646,-1.12604806527506,-1.4150676332030128,-1.3186452005475437,-0.3218989019049603,0.91772345686543,0.44800024003284356,0.9731432982717872,-0.8582994570818702,-2.676191827027928,-0.8039458492062446,-0.2625701864519246,0.24852807732619786,2.0406609383565883,0.8985595332703231,0.6877560294971398,0.4871944541353288]"
15,"[-0.9823693322526382,0.08678698964474735,-0.1,-0.587698924812165,0.8294372198635139,1.2272435564534991,-0.35763033900877655,0.8319046496171377,-0.42321152745096996,0.231336268336936,-0.15845530690958112,0.553208165085614,0.48075590388893225,-0.03169159485259907,0.7625146368618583,-0.44413808603957683,-0.002118676990779931,0.16469149240696354,-0.6300818034931837,-0.6817724865379017,0.5933070576767653,0.9417866062774163,-0.7559139596407586,-0.512492438124209,-0.9393037350857558,-0.6513077603240879,0.8988337557898219,-1.3988760560086646,-0.4344732958799078,-1.5573440409423318,-0.4707014696463229,0.3472489456279203,-0.26827886734943607,0.6589306243897322,0.5809831104760603,0.5795581634002475,0.6492340290195029,0.5874653227550803,0.3483462927504114,0.5300085379753513,0.29467753906811645,-1.0426531711584675,-0.6585912583824848,-1.1366828976930357,0.13086855622010327,0.31381564483448265]"
16,"[-1.4994058229119216,0.08678698964474735,-0.1,-0.587698924812165,0.8294372198635139,0.9776769969306727,-0.357739135853628,1.4440043108761602,-0.6297769037351859,-0.140398678221641,-0.15845530690958112,0.005477308565204465,-0.1347884126068739,1.676114296022324,-1.298335733035056,-0.10328332698457582,-0.419788687351271,0.16469149240696354,-1.8092997969084899,1.460613857205775,-0.3576631284618846,-1.3660421827847993,-0.17235710487560255,-0.6722969596209931,1.7325043185650886,-0.5970409880351896,-0.07313537893506326,-0.646858399001474,-1.6749856748524798,-0.1964404413963839,-1.0180990334607674,-0.35686823455287425,0.7960699614632463,-1.1410330590868076,-1.0627782428936985,-0.12106724953033068,1.911641302963624,-0.8608545495630209,-0.4261362216765305,-1.3954420504307457,-2.4255725192325555,-1.5406267069637765,-1.397518986729721,-1.1366828976930357,0.13086855622010327,0.31381564483448265]"
17,"[1.6028131210437788,2.520067073142332,-0.1,-0.587698924812165,0.8294372198635139,0.5409355177657266,-0.35775300885739425,0.4678108855923743,-0.31926081750513485,0.7398416197614046,-0.15845530690958112,1.3748044498662284,1.2466621908264621,0.23028739560865802,0.7625146368618583,-0.4440997972166954,0.17221879149226316,0.16469149240696354,0.866755733353238,-0.09757595883549051,-0.4747011410286341,1.2933288514894206,-1.0490400646079594,-0.9594504268216392,2.517698960579332,-0.5230636854840567,-0.6308298874876389,-1.1261186175376476,0.22270474603459042,1.6720608166187172,-0.11657097089560335,0.7648790998271201,-0.6882139212360711,0.22858842605388607,-0.3630485288536838,-0.22568981414613873,0.0462763553431635,0.7036914423065396,-1.1366965427619542,0.6976911787922638,-0.7866230284309296,-0.14746865768323653,-0.7615133769806908,0.18622468243314752,1.5230872394126944,0.31381564483448265]"
18,"[-0.5687401397252115,1.3034270313935394,-0.1,-0.8120114915343657,0.8294372198635139,-0.020589241160632623,-0.3577902972418416,-0.044031072529394456,0.4100560600176664,-2.374350360365784,-0.15845530690958112,-1.0899844044756146,0.767383410043468,0.5274143280820063,-1.298335733035056,1.0244965469773286,0.3247402389793971,0.16469149240696354,-0.9413898952019836,1.7001572007516799,1.2055809658916052,0.7305313603506783,2.254050866921756,0.7255653516855869,0.31136389848545,0.8979261664083519,0.2744221900957221,0.5553477427064496,1.1977518298270973,2.0327478737361786,1.575409668825066,1.0935356788332462,1.0713174631235403,1.2006466856805644,0.2563527288215622,-0.5867832977622564,-0.8925372193612959,0.6703694097103365,-0.10116825464401254,-0.009969884133220558,0.8576904503378463,0.9361157477042032,-0.7636509719052111,-1.4419692623375395,0.6877560294971398,0.4871944541353288]"
19,"[-0.43086374221606927,1.3845363675101257,-0.1,-0.8120114915343657,0.8294372198635139,0.5409355177657266,-0.35761034188623064,0.6261125221248801,1.5713386463310604,0.41720374161622453,-0.1584552623306511,1.1009390216060235,0.8096727142302027,-0.3020046334198159,0.7625146368618583,-0.44335769021321186,-0.3345460179004722,0.16469149240696354,-0.8219840518068274,1.0986972426834938,0.6735693301365147,0.49551111563568706,0.33445818533576976,2.0300978375396497,0.4288371931606423,-0.08673690537483326,-0.0570425222827673,-0.09733313821480176,0.6212388377862698,-0.032129594104995524,0.15502715194716318,-0.4938774824936942,-0.9406399055405457,0.1878275392507553,-0.08038646432032857,0.053359759500590936,0.1511288189341462,-0.30416038917904076,-0.9121257386593083,2.036461099993668,0.6247159985865622,-0.1748453141278629,-0.6070928342903894,0.8985595332703231,-0.14757518041841497,0.4871944541353288]"
20,"[-0.844492934743496,1.060099023043781,-0.1,-0.8120114915343657,-1.1935803895596906,0.10419403860078054,-0.3577874976446852,-0.9252435158936768,1.3813434694222229,0.0033855935604500875,-0.15845474941675503,-1.0899844044756146,-0.21466820940403958,-0.5621718742928209,0.7625146368618583,-0.44335769021321186,1.4861573077852135,-1.8939521626800788,-0.18657438516831795,0.8944940486766774,1.392268364344218,0.36529168379043636,1.5177353837989829,-0.026476721677651322,0.46550917361948563,0.8630150663952607,0.4221909771293149,1.1485034998215444,0.069547772902168,0.4300681418227734,-0.620015423654898,-0.5055900261424081,0.002917159692202578,-0.9949695575967501,-0.21136293523414845,-0.4818808714367441,-0.8739030075280199,-0.4696245421033695,0.12081159370392339,0.3782641911454346,0.20308836664511873,0.2764146063622963,-0.6164877131906799,-1.0349207761448678,1.2446435027741762,0.31381564483448265]"
21,"[-0.051703649065928094,-0.7243063715211141,-0.1,-0.8120114915343657,-1.1935803895596906,1.0400686368113792,-0.35778809755836155,-0.23399303636840144,-0.06275673808863289,0.7363346863033048,-0.15845530690958112,-1.3638498327358193,0.4478642228548052,1.6765273749284453,-1.298335733035056,-0.4437148205066331,0.4591833753615294,0.16469149240696354,-0.1609874187264988,0.8310810731611467,-0.3478646480405335,-0.030851156563775305,1.3531829308206968,-0.09587365395092169,1.3152714464071988,-0.11455049095415769,2.1711090164180145,1.213797395492889,-0.5398828925137885,-0.022513409145986926,-0.9399632077465915,0.8039188397307493,0.5918036209902081,0.8633365029298847,-0.17238866659162788,0.6575814580907736,-1.1762519755055216,-0.10949666041967368,-0.1871534440096469,0.9094813771411496,0.7863965419891011,0.9063179795107499,-2.460664413246639,-0.526110168404028,0.6877560294971398,-0.37969959236890194]"
22,"[-0.8100238353662104,-0.8054157076377003,-0.1,-0.8120114915343657,0.8294372198635139,0.3537605981236069,-0.3577875663847939,-2.479237914521109,0.6151876334060777,0.48734241077822016,-0.15845530690958112,-1.3638498327358193,-0.2757527598959898,0.4092882549279679,0.7625146368618583,-0.4440823932062947,-2.2872894757675084,0.16469149240696354,0.743085395551112,-0.12616740981884705,0.1420392086212677,2.951616629578873,0.025189276481840706,-0.4240430123570146,0.34983414175303856,-0.32261579261698,0.6903728714682408,-0.6215738844233091,0.07450367618842411,-1.0374458816394156,-1.3123719793892321,0.8602726847904463,0.7528312926300768,0.07991815817628627,-0.37033899848452556,-0.992077903798454,-0.1688227580339111,0.4673240310928332,-0.23455329457493904,-0.887826078400829,-0.08131096702719876,0.5430194616090278,-0.20771361886679782,0.8985595332703231,-1.5397938636110062,0.31381564483448265]"
23,"[1.2236530278936377,-0.8054157076377003,-0.1,-0.8120114915343657,-1.1935803895596906,0.10419403860078054,-0.35777906760771194,0.7210935040443837,2.120240757203355,0.473314676945821,-0.1584462886432767,-0.2683881196950003,0.44316541127850134,-0.43281295369161926,-1.298335733035056,-0.4437503246878504,0.26564246881652787,0.16469149240696354,-0.9797703448647123,0.5535668205704696,1.228653614864574,0.5396507015253931,0.4946125199656727,1.9998182875002366,1.005364263416418,0.4517423547171362,0.7255460195959722,-0.5685948612912064,0.011679265430345741,-0.9326616013502476,0.428791030078054,-0.24231582230579438,-1.2110322882501015,-0.6212232998355881,0.11564232067818185,-0.8350778873738107,-1.0977980544145793,0.8588498698856716,0.5338239263450877,0.3005926133653868,0.02089854921490465,0.20946902368875567,0.32750190933068474,0.8985595332703231,-1.5397938636110062,0.31381564483448265]"
24,"[0.8100238353662109,-0.8054157076377003,-0.1,-0.8120114915343657,-1.1935803895596906,-0.4573307203255787,2.9729797831575757,-1.368488098184693,-0.909287002343462,-1.111819246115281,-0.15816426286066573,1.1009390216060235,-0.9895962145680728,-2.0351242895417974,-1.298335733035056,-0.4441610593333057,1.1415824097300717,-6.011239472854164,-1.8111177508741811,-2.1236600362683884,-2.019400881465223,1.2047828221631764,-1.5685329804016583,0.569757784244206,0.5362363532822415,-2.223760354260353,-1.607886887867739,-2.2047956808445384,-0.6530920434734436,-1.765614041399519,-2.0769476623457046,-1.8038890453811396,-3.1473681248958805,-0.14997467105880916,-0.7927423791168747,2.7203783396853187,-0.9565463855085815,-0.6355130279038871,-0.008303846204235174,-1.0043282166492846,-1.9445625095757797,1.6480481780601437,1.308729902692595,0.8985595332703231,-1.5397938636110062,0.31381564483448265]"
25,"[0.9134311334980676,-0.8054157076377003,-0.1,-0.8120114915343657,-1.1935803895596906,0.2289773183621937,-0.35774494751736796,0.3411695763663697,1.235274799412127,0.3155026713313308,-0.15845530690958112,0.2793427368254092,2.115942332442677,0.02773379164207059,-1.298335733035056,-0.44400024627720375,0.6861729714404686,0.16469149240696354,0.3806033709586737,-0.11230669667495378,0.26466288811711175,0.16894180909021086,0.018711690520519676,0.41192370554363605,-0.28837682032382755,0.698569049275741,-1.2835236900069185,-0.8504865564872954,0.10009663465746892,-0.5051756056934241,1.410735560720028,0.3792854894588479,-0.6894232010885445,-0.09426573984455175,-0.10305666325086942,0.2639885792971559,-0.05969059001713159,0.4127281319947127,-0.3995917220452803,0.16025081073248595,-0.28480267463762454,-0.20660698726731622,-0.3736013069284303,0.8985595332703231,-1.5397938636110062,0.31381564483448265]"
26,"[1.67175131979835,-0.8054157076377003,-0.1,-0.8120114915343657,-1.1935803895596906,-0.020589241160632623,-0.35778834127329256,-0.3395274607234053,1.287673777967896,1.0028616291188883,-0.1584529396146762,0.2793427368254092,0.8942513226036722,0.20093705227897363,0.7625146368618583,0.9896885261760352,1.0112011723620378,0.16469149240696354,-0.0799620249940714,0.5948238890829447,-0.1320122122427381,-0.18795632534950793,0.38035768566112144,0.6701891029378662,3.5146869219934325,1.7973517427419181,0.2548271319190579,0.2230619442228369,0.42664928956562403,0.6343205924235865,-0.013495760485711793,0.6057522779216531,1.3605349989638533,1.0606952056182688,0.6091393785765614,-1.355146744013811,-0.21675193599552262,0.20886132152063439,0.3782572191080236,-0.6795503993520455,-0.2850164053198585,0.5745833415357348,0.28003378860397915,0.8985595332703231,-1.5397938636110062,0.31381564483448265]"
27,"[1.120245729761781,-0.8054157076377003,-0.1,-0.8120114915343657,0.8294372198635139,0.2289773183621937,-0.35776638193309684,0.7633072737863852,0.5196442222583697,0.6311266825603112,-0.15845530690958112,-1.3638498327358193,-0.9896013832608067,1.6766795618938586,0.7625146368618583,-0.4441262513125044,-0.43849630675423157,0.16469149240696354,-0.43391506077256997,0.41605154208210127,0.23287234281027686,1.007531822304033,-0.967645230575964,-0.8966331709980424,0.10863794430647725,-1.0009751234223363,0.670518199603808,-0.8105975207396304,1.2186220684453333,0.125453325696622,-1.131120807717207,0.4781699984719167,0.6437044756202465,0.6599766363151929,0.6991064503959626,0.6535005344662176,-0.2615868484041969,0.2809253402102168,-0.4788205155947055,-0.4198557952845325,-0.012950368729098816,-0.07351359986827521,-0.6158677839022724,0.8985595332703231,-1.5397938636110062,0.31381564483448265]"
28,"[1.2925912266482087,-0.8054157076377003,-0.1,-0.8120114915343657,0.8294372198635139,-0.4573307203255787,-0.3577771303864653,0.23035843079361562,-1.407093591837992,0.473314676945821,-0.15824624709979682,-0.8161189762154099,0.3961772955154627,-0.6969660436587789,-1.298335733035056,-0.4439013914981281,0.7630820734304175,0.16469149240696354,-0.1823098907613481,1.492971629717741,-0.7012574267246736,0.1306788809755019,-1.4664874843620255,-1.5271989380562823,-0.4690733637295304,-1.174119884544255,0.5165295761581258,-0.749636850507656,0.2510819080114067,0.7823867893294844,-0.27340236613875596,-0.40103946216933645,0.18868814526995184,0.7316638030719576,1.6875936020644529,1.1877166130975128,-1.4078296280256575,-0.40920578358951737,-0.6364428918097282,2.4925661663184977,0.8427925824179643,0.5316372369325926,-1.3161293917629648,0.8985595332703231,-1.5397938636110062,0.31381564483448265]"
29,"[1.6372822204210644,-0.8054157076377003,-0.1,-0.8120114915343657,0.8294372198635139,-0.14537252092204578,0.7358016983314328,0.7210935040443837,1.1973767819616548,0.571508813772615,-0.15845517061078354,1.3748044498662284,-0.3697289914220671,-0.06321603768818602,-1.298335733035056,0.5023762349579285,0.22559557712823314,0.16469149240696354,0.39766134858655316,0.947927716274108,-0.2700735602194279,-0.627849729778876,-0.5857543560488044,-0.22266932771672343,2.3637502381203936,-0.14753290515687842,0.35807308096556323,0.8081260063260324,-0.060382200445770653,1.5420955800025977,-0.5589368159869944,-0.2772282774195039,-1.3261593194634698,1.0933964918720647,1.857985544489188,0.9326026229446277,-0.573895053807056,0.4764828206000407,-0.5920024418257749,0.8569211324106419,-0.37844300006760817,0.48608000780919963,0.4275005662356636,0.8985595332703231,-1.5397938636110062,0.31381564483448265]"
30,"[0.568740139725212,-0.8054157076377003,-0.1,-0.8120114915343657,0.8294372198635139,-0.6445056399676985,-0.3577578206650069,1.0799105468513968,0.05022041281488134,-0.4665434898249209,6.943429407821231,-0.5422535479552051,-0.9891733215262055,-0.23352049898388566,-1.298335733035056,-0.12416813946535184,-0.057535947108010646,0.16469149240696354,-0.6514042755280329,1.0168301716260983,0.47980392533079685,-0.5289433325845154,0.8115518721892323,-1.5102160586769446,-0.8928032019811902,-0.17483562980824754,-1.0786522514057093,0.17304109753110372,-1.3881427015579426,0.6847473496968643,1.5429633684514497,-1.3360696718090332,-2.9718233408797987,-1.1985852573551565,1.2937023883790268,1.6312705383819974,-1.954956082321831,1.1228374331352182,0.9327410754048628,1.2806170509024026,-1.7059371169181685,1.753797485883576,0.876789972897459,0.8985595332703231,-1.5397938636110062,0.31381564483448265]"
31,"[1.1547148291390665,-0.8054157076377003,-0.1,-0.8120114915343657,-1.1935803895596906,0.10419403860078054,-0.3576684585236298,0.6736030130846319,0.35931898936385287,0.6802237509737082,-0.15845530690958112,0.2793427368254092,0.5418404543808825,0.023023242712615067,-1.298335733035056,-0.44417359022079417,-0.24834985102852355,0.16469149240696354,0.7857303396208106,-1.215493616037731,0.8997996297982255,0.38241754180021037,-0.6899595370884378,1.2228038154258378,-0.07125675844134242,1.8533178729195212,-0.9667096238998583,-0.5975406573916936,0.7895142273819027,-0.9187906105260402,-0.7047741370458259,0.3616364516744775,-0.6580488045869726,0.24240863155798092,-0.04318632403743637,-0.09132623712004626,-0.315689842654924,0.19945810318588691,-0.7490619049821717,0.1403245507158969,-0.6358146596474903,0.5875047724903043,0.0461420610930112,0.8985595332703231,-1.5397938636110062,0.31381564483448265]"
32,"[0.7410856366116397,-0.8054157076377003,-0.1,-0.8120114915343657,0.8294372198635139,-0.0829808810413392,-0.3577835044692768,0.6261125221248801,0.7367024288255195,0.8275149562138991,-0.15845267316589903,0.553208165085614,0.7062988595515177,0.37993791159828344,0.7625146368618583,-0.44375102084826645,0.18884778651711695,0.16469149240696354,0.372074382144734,0.8320525983579576,-0.2461109202839198,0.6047298600854866,-0.34626546374681455,-0.17776625902687343,-0.26755281744312936,1.5548276230652944,0.6020190990614792,-0.05440184586496289,0.2185197690302506,0.11663905988135984,1.6792167655706542,0.743166971246574,0.7528345101467436,0.3875800430473188,0.23322392190077176,-0.8226613032724867,-0.18603650030389116,-0.043762442631668334,-1.2915122750669454,0.33931178362543335,0.2982577409156543,0.34871773942676354,0.7719252613588898,0.8985595332703231,-1.5397938636110062,0.31381564483448265]"
33,"[0.8444929347434965,-0.8054157076377003,-0.1,-0.8120114915343657,-1.1935803895596906,-0.3325474405641655,-0.3576947047469713,0.1512076125273627,2.5580883165096915,0.17522533300733947,-0.15744895037424697,0.553208165085614,0.16593552827657337,-0.7658125280123597,-1.298335733035056,-0.0615137020230238,-0.5260083000673671,0.16469149240696354,-0.7921325909580383,0.28840043903587975,-1.0261120810165625,-0.34587218851150037,0.42284568094182856,-1.138757362716116,0.3055452722743681,-0.628457104959382,1.953007576548314,-0.6963701048048199,-0.11900032752712499,1.8956516892249848,-0.716514174503047,-0.3999449345906999,0.018754425827010607,0.797807397709368,0.3813488781145526,-0.11623751526018158,0.11240873070712545,-0.8376752756201542,-1.4590041188897496,0.6249576431208297,-0.9712672410597206,0.9276025234169559,0.9634593732522012,0.8985595332703231,-1.5397938636110062,0.31381564483448265]"
34,"[-1.154714829139066,-0.7243063715211141,-0.1,-0.8120114915343657,-1.1935803895596906,0.6657187975271398,-0.35731288468835987,-2.4790268456723985,0.5822427532320216,-0.05973920868534601,-0.15845530690958112,-0.5422535479552051,-0.40262067245619415,-0.3273691276553457,-1.298335733035056,-0.44413669371874476,-0.5724817643742119,0.16469149240696354,0.3464874157029148,-0.4778798881697676,0.8145076115612249,-1.2853787951336912,1.4630229299358413,-1.2248532138959918,-0.6123537732026326,0.0847111284673291,-1.1778416505058982,0.4067206773232002,-1.4322990847633208,1.0642450454985908,0.06810223725801696,-0.4033378958861063,-0.7448777478390102,-0.7636808999774842,-0.8084903014935203,0.1302869305601991,-0.5050912149030564,-1.16339733813915,-0.7219931631335833,-0.146416604696204,-1.1461858447668383,1.0579872609482655,0.629088904900473,-0.526110168404028,0.6877560294971398,-0.37969959236890194]"
35,"[-1.2925912266482082,-0.7243063715211141,-0.1,-0.8120114915343657,-1.1935803895596906,0.7905020772885529,-0.35779030349094243,-0.3448041819411555,0.43537571570039807,-2.3745257070386887,-0.15845502098954714,-1.0899844044756146,2.388473403868301,0.5535035221528369,-1.298335733035056,-0.4438143714461248,0.4403994761648769,0.16469149240696354,-1.8103232755661627,-1.5791572355321344,0.031174817463231672,-1.233618130519948,-0.32991243030348955,0.670809048860687,-0.6512630630745259,0.41808835217567303,-0.009496376458377047,1.8898349170405293,2.466033745827642,0.031612059052384234,-0.24384883913837105,0.9122441449568972,0.7488763993342324,1.0734631870257116,-0.0806928496799584,-0.542472389629869,-1.2585768462967757,-0.004838675741845083,0.10242051969924655,-0.4831979289560656,-0.3833508118581784,1.5184270972644949,0.02791011432056776,-0.526110168404028,0.6877560294971398,-0.37969959236890194]"
36,"[0.6721474378570687,2.1145203925594007,-0.1,1.4311141756876407,0.8294372198635139,-3.389737794718788,-0.3577837544333086,-0.5136592609091617,0.36070391261548235,0.6767168175156084,-0.15845530690958112,-0.8161189762154099,-0.9880925948636555,0.3350065218096308,0.7625146368618583,-0.44396891905848257,0.14075337659431728,0.16469149240696354,-0.9541833784228931,-1.7227459711534205,-0.3438448671228119,0.18415384314307917,-0.7396793154384882,1.319045084131438,-0.5931524053962215,0.8104834706472949,-0.6153963111594407,-0.363414325114139,1.0997881801210103,-0.8689590841349386,-0.242173030778666,0.83574397205303,0.9912321047944761,1.7074287968501458,0.5332370519689895,0.5435125606749194,-0.8235596734023399,2.352259604202529,1.312875567198572,0.8026209708170774,1.5428309807532978,-0.4644396968067394,-1.3389451543128545,0.08446256088497958,0.6877560294971398,0.4871944541353288]"
37,"[-0.1551109471977848,1.4656457036267116,-0.1,0.08523877535443682,0.8294372198635139,0.47854387788502006,-0.22031072339594104,1.0376967771093952,-0.7084405444277395,-0.14741254513784058,-0.15845530690958112,0.8270735933458188,-0.9895454674030487,-0.376286366538153,0.7625146368618583,0.1264496103039603,0.7251519460170754,0.16469149240696354,-1.1631436043644163,-0.7173828795289481,-1.2582787236450848,-1.1426473948025648,1.544074400624599,-1.3650934946926565,-1.4960592455702446,-1.7325498137175397,0.6637524572981961,0.14946215927424641,-1.3506966742034139,-0.09341531776752947,-1.1666817461865702,-0.47014083123081957,-1.0982943340198348,-0.9256188831188146,-0.1773576129231246,0.10170900136605565,1.3145606272236665,1.258840703889873,-0.03271676708600793,0.6123123176666286,0.39208861816722745,-1.9190153547725493,-1.2753580077706148,0.7967974117221551,-0.7044626536954515,0.4871944541353288]"
38,"[0.2929873447069275,-0.5620876992879419,-0.1,-0.587698924812165,0.8294372198635139,0.6033271576464332,-0.35778974107187084,0.5522384250763774,-0.4121810210821094,0.9853269618283894,-0.15845530690958112,-1.0899844044756146,-0.9897301306979974,0.7832333699432062,-1.298335733035056,0.3074513184706857,-0.1727565754797615,0.16469149240696354,0.926458655050816,-0.15056604421799377,0.1781327536288129,-1.0019602057536467,-0.2490746643788677,0.3204916526898368,-0.5213806744285392,0.7321180300705549,0.2646546804203817,2.190586393362527,1.6268980827000294,0.5413252378472564,0.18137818534913153,1.1862143001056773,0.6593721069986992,0.6937912037653562,-0.020251293825285673,-0.6036193778176585,-0.9281105240630662,0.3434635070756439,0.8509004677248467,0.27495868774588844,1.5490929309350256,0.46745551213241465,-0.3651091276712404,1.3056080194629949,0.6877560294971398,0.4871944541353288]"
39,"[-0.08617274844321365,0.24900566187791964,-0.1,-0.8120114915343657,0.8294372198635139,0.5409355177657266,-0.3577889224396666,0.14065417009186232,0.3198731165145007,0.8345288231300987,-0.15845530690958112,0.553208165085614,-0.9882805473267077,0.4737865402697435,0.7625146368618583,0.3074513184706857,-0.45731834584773007,0.16469149240696354,-0.10128449702892071,1.3302786293501803,0.3289645630150124,1.3526783952344459,-0.3566729321160574,-0.4227714136260132,1.1227807894687014,0.8076430588435243,1.198044348344654,0.4083167702565791,2.2246465216556635,1.44374571882625,0.528986246872302,0.9482205195463322,0.3180680865799187,0.8542632721799417,0.047956738304474944,-0.1592744041207587,-0.5456317351755056,0.31934499061108546,-0.33714601593688476,0.401056319339604,0.42588337610285393,0.5629700747986314,-1.321828529620099,1.4073701410111628,0.966199766135658,0.4871944541353288]"
40,"[0.36192554346149863,-0.5620876992879419,-0.1,-0.587698924812165,0.8294372198635139,0.2289773183621937,0.6295669848061691,0.7105400616088833,-1.060031824979648,0.11560746421964314,-0.15845530690958112,0.8270735933458188,-0.47780165767705596,0.3763144124217792,-1.298335733035056,-0.4441561862103935,0.15482699853048942,0.16469149240696354,-0.07143303618013168,-1.23692822927386,1.009697374265362,-1.1673934551610556,0.5516909231141182,-0.2535026733334774,-0.8655941277338812,-0.3804323056269028,-1.5693977092218863,-0.19727759475371123,-2.249448563637864,-1.083722420633914,-0.4573354006275059,0.565127823402977,-0.3674247444570804,-0.2668076538623725,-0.12179279345799676,0.7381131627773337,0.6005150127749638,0.30422576296993364,-0.2033302618269072,-3.21831320893146,-0.20076245389367636,-0.06103923751738184,0.7563805096823678,1.3056080194629949,0.6877560294971398,0.4871944541353288]"
41,"[1.499405822911922,-0.8054157076377003,-0.1,-0.8120114915343657,-1.1935803895596906,0.29136895824290027,-0.35778942236773026,-0.20760943027965045,1.0784200212540462,0.8275149562138991,-0.15835692582262378,-1.3638498327358193,1.3688312918103627,0.1404246160313527,-1.298335733035056,-0.44397309602097873,0.5163360107852529,0.16469149240696354,0.46589325909807094,1.6959535246555544,-0.8542302289206011,-0.46324063382761743,0.14556870862783217,-0.7431340589668695,1.2442176127793003,-0.12729367224181587,0.050408706321382446,0.1795197316942526,-0.48556786285718234,0.0631845418497451,0.03293106019531712,0.5515558779973373,0.11408242570819413,1.0183982667588736,0.13797848347860223,-0.8670894217657226,-0.6635385439596481,1.1595446891906833,0.5056940214394041,0.2647512792317884,-0.05477597112880585,1.0679054185497958,0.36433828267878393,0.8985595332703231,-1.5397938636110062,0.31381564483448265]"
42,"[0.7755547359889253,2.4389577370257456,-0.1,1.4311141756876407,0.8294372198635139,-0.020589241160632623,-0.3576522108615612,-1.2946140011361904,0.7419162575375363,0.3365442720799295,-0.15845530690958112,1.648669878126433,-0.46840403452444823,1.6767230438839764,-1.298335733035056,-0.44406568535631014,0.7149876635076178,0.16469149240696354,-1.0991761882598685,-0.7853609178638399,-1.5908479507443605,0.3229833510830766,-1.7017439392059124,-1.0458810182067722,-1.540601486347376,-0.09521329841355852,0.30653100676570166,-0.882991501322405,0.5137124136839927,-0.4713741028461883,1.509113336262037,0.8653983002506682,0.6556963732765547,0.4490000555676203,-0.9882287244915312,0.8844676205609772,-0.33220163835327177,0.3997126803317858,-0.29122941287930193,-0.2900459508745366,-1.1866275113445082,0.25623153935629556,-0.18962660917148114,0.18622468243314752,0.966199766135658,0.31381564483448265]"
43,"[0.7066165372343542,-0.5620876992879419,-0.1,-0.587698924812165,0.8294372198635139,0.29136895824290027,0.6670615895797916,-0.5136592609091617,-0.5830642571184603,0.5750157472307148,-0.15845530690958112,1.648669878126433,-0.510693338711183,0.4723371405991418,0.7625146368618583,-0.4438749374023191,0.9557266923995381,0.16469149240696354,0.6577955074117148,-0.6651394044908557,-0.3001011090462003,-1.1006957977398242,1.2451677727305535,0.13541997404808293,-0.9739552664825573,0.03636031370879082,-0.9382998651884066,-0.4575410142249336,-1.6351184098038163,-0.7504108588566473,2.1283667248330866,0.9867810726905649,-0.6281364865463653,-0.48240458405248726,-0.4720888849415786,0.8490488277982257,-0.9529759185214196,-0.9529253450331213,-1.1905908535051122,-1.5955373565197812,-0.32633446893335966,0.060220325583454325,0.789634517112397,1.3056080194629949,0.6877560294971398,0.4871944541353288]"
44,"[1.4649367235346364,-0.5620876992879419,-0.1,-0.587698924812165,0.8294372198635139,-0.0829808810413392,-0.3577311370046097,0.18286793983386387,-0.4838222862281654,-2.374806261715337,-0.15845530690958112,-0.8161189762154099,1.8152183915592297,0.33428182197432993,0.7625146368618583,0.9827269220157766,0.6702304945588426,0.16469149240696354,1.3827595565965913,0.7296596187052168,1.0090285586334091,1.6239820410397203,0.2926442094066116,0.41423891801986656,-0.9200627599281845,0.25698847528063246,0.9456000793398607,1.2078203971298855,1.620738393730011,0.1669387707304705,0.9413513704705297,0.8370079952668309,-0.1358557735589859,-0.6394081997981226,-1.3939422464061666,-0.27211310572067865,-0.2439579625597329,-0.11950436302938104,1.1009804039916404,-0.48355980720346003,0.8683253775608438,-0.058222085270162253,0.15856431320387496,1.3056080194629949,0.6877560294971398,0.4871944541353288]"
45,"[-1.706220419175635,0.24900566187791964,-0.1,-0.8120114915343657,0.8294372198635139,0.6033271576464332,-0.3577896348371573,-0.09679828470689639,0.23179199771086673,0.9081744257501941,-0.1584552699141932,-1.0899844044756146,1.8575076957459644,0.4654524921637837,-1.298335733035056,0.6764163389643952,0.8390758178960624,0.16469149240696354,0.7644078675859612,1.1281047148269294,1.4972827774728459,-0.4283478540781704,0.08762399040795828,0.5706470844700837,0.054943087054570613,0.6863780287989019,-0.05717334968379094,1.6348912999433525,1.0677974647876152,0.6741383074480259,0.45320954162221555,0.9157828866631528,1.1331672924696694,1.1611696426811569,0.981567170712664,0.015295090835230828,-0.6463545322461905,0.544890704543384,-0.009134321312011503,-0.11836757897368613,0.18673378739584082,0.6692761830838653,-0.5695652145942125,1.4073701410111628,0.966199766135658,0.4871944541353288]"
46,"[-0.603209239102497,-0.48097836317135567,-0.1,-0.36338635808996445,-1.1935803895596906,-0.5821140000869919,-0.3577902597472368,0.35172301880187007,0.4060479291953035,0.36810667320282753,-0.15845523660809607,0.553208165085614,-0.9883275354424708,-0.2820753879490426,0.7625146368618583,-0.4440336619771729,0.7627960242040726,0.16469149240696354,-0.23774831805195631,-0.4791835100755182,-1.479337899466968,-0.3025011606316997,-1.660056755425587,-1.3149332269661151,-1.4478452043290386,0.09796280351810337,1.163714978315109,-0.17183557025762042,1.0762996927627504,-0.19869298534605145,0.7602152866266252,-0.09080148237718785,0.4769233319644464,-0.41742153583899017,0.06095467844227844,-0.38333870722780305,-1.2720413451743822,1.3110597885027104,0.24083360671499687,0.7975923405615434,0.38479647561076646,-0.5637806322410708,-0.06327234566528757,0.38974892552948337,0.6877560294971398,0.31381564483448265]"
47,"[-1.0168384316299237,-0.48097836317135567,-0.1,-0.36338635808996445,-1.1935803895596906,0.2289773183621937,-0.35756722309074096,0.7633072737863852,-0.07013756435908168,-2.374981608388242,-0.15845530690958112,-1.0899844044756146,0.36798442605763954,-0.5458661279985518,-1.298335733035056,-0.44404967366674153,0.43902643987842105,0.16469149240696354,1.2932051740502242,-0.2270552709108097,-0.13216546565214538,-1.5576207009932648,-0.16256485360200787,2.0106949575490596,-0.4179434783371165,0.1380840363093069,-1.269946952986485,1.3310866021658272,-0.15722763842903303,-0.15842484206386573,1.7649189893681245,0.0889647637257369,-0.7817280976361201,-0.16216002782124356,-0.5635252544281106,0.6037779982121975,0.7672075301027774,-1.0722935789775938,-0.0885220451608001,0.3474483365171486,-0.28997267177916414,-0.3956738222912637,-1.6604279312237722,0.38974892552948337,0.6877560294971398,0.31381564483448265]"
48,"[1.7062204191756354,1.2223176952769534,-0.1,-0.8120114915343657,-1.1935803895596906,-0.14537252092204578,-0.3577410105838667,-2.4791851473089315,1.9221641457908913,0.38914827395142626,6.748716839884889,-0.8161189762154099,2.947631981448461,-0.6353665576582067,0.7625146368618583,0.36314415175275505,0.6853529636582797,0.16469149240696354,-1.8107923699509294,-1.5258516731202585,1.6649028290817094,-0.1896322600093527,-0.8721006041061633,-0.1804671242643148,-0.3157803106080892,2.6313945334819597,-0.45629567603907534,-0.7590254720058348,0.27732552093171237,-0.8146611962422176,-0.9475432507049134,-0.8115887420295588,-0.6401932269582936,2.0089444758783648,2.865970267329764,0.3315720242605657,-0.4413105996051263,0.8227193875644587,-0.6584555228057161,1.2112394725370366,-0.500269020861822,2.0163339362951733,0.8807174185499974,1.1020837763666589,1.5230872394126944,0.31381564483448265]"
49,"[-0.3274564440842126,-0.48097836317135567,-0.1,-0.36338635808996445,-1.1935803895596906,-0.3325474405641655,-0.35768095672522093,0.7422003889153844,0.23529503887675302,-0.13689174476354124,-0.15845527698533382,-1.3638498327358193,-0.9895083467915958,-0.874517503307487,-1.298335733035056,-0.444197259674939,0.3817784547125826,0.16469149240696354,-0.7153716916325809,0.1860292694548429,-2.04753156193706,-0.39512924417903506,2.066610956789165,-1.3494633863740206,-0.2716919211965588,-1.4350010920163334,0.7298466666094501,0.45527125651156386,-1.7030312051204832,-0.3092532995604571,-1.1296161001985472,-0.7343228328131342,-0.16427637618805555,0.14324687365764924,0.6826895315619737,1.120237739654533,0.0007726434810020978,0.7445437553730037,-1.050259100810641,-0.09296366771585651,-0.8647845225300058,0.3650336053420315,0.439058350601532,0.38974892552948337,0.6877560294971398,0.31381564483448265]"
50,"[-1.395998524780065,-0.48097836317135567,-0.1,-0.36338635808996445,-1.1935803895596906,0.2289773183621937,-0.3577517590372351,0.14065417009186232,-0.2348130855851876,0.8590773573367972,-0.15845530690958112,-0.2683881196950003,-0.6046695702372603,1.6767737728724477,0.7625146368618583,-0.44363615437962217,-2.286048022125171,0.16469149240696354,0.5128026975747394,0.10022708542793866,0.3264782348231463,-0.6907870827656624,0.11352606692572648,2.0940621822781207,-0.02996125911465834,0.7182049971848012,-0.7145320818281845,1.345593674454843,1.0208291385557275,-0.6367185896343006,0.7254311205384932,1.029125993701254,0.2801261952132803,1.2712725625350922,1.0843056066761783,0.43100382265552933,-0.32134966704095325,0.8139456274362713,0.029934399282872278,-0.026978029264822505,0.1337720076317428,-0.3164637863231638,-1.1557594552593966,0.38974892552948337,0.6877560294971398,0.31381564483448265]"
51,"[-0.6721474378570682,1.627864375859884,-0.1,2.1040518758542426,0.8294372198635139,0.9776769969306727,-0.3574828602300003,-0.5347661457801625,-0.3471059214702496,0.5855365476050141,-0.15845530690958112,-1.3638498327358193,0.9647334962482302,0.42813045064579,-1.298335733035056,-0.4439765768230588,-0.7914047722702232,0.16469149240696354,1.5234878720265967,1.5083791565895805,-0.5445233040456058,0.3711285932042552,0.22237298206841824,-0.930879962422977,-0.20585105715224444,-0.9586308227707451,1.4618456463610103,0.053027829150334625,-0.5557238619025967,0.8820695986436651,-0.6091011442494212,0.7288421030529948,0.5651187946944425,1.3283640275158133,1.0130298264867552,1.1820623834216264,0.1231578724246541,0.6605308607061481,0.446517254364021,-0.5468039153147496,-0.36194760448430063,0.10004199123513872,0.0410140509521142,-1.3402071407893716,-0.7044626536954515,0.4871944541353288]"
52,"[0.08617274844321414,0.0056776535281611975,-0.1,-0.36338635808996445,0.8294372198635139,1.2272435564534991,-0.357712202229199,-0.4186782789896582,-0.7659718856219,0.9572714941635911,-0.15845143315428217,0.2793427368254092,-0.9895595638377777,-1.0103987224263964,0.7625146368618583,-0.4439201878293607,-2.2859993937566925,0.16469149240696354,0.18443662823806004,0.010007945556006297,1.8260276668069018,0.19737586587877357,0.8656472553661104,-0.712540623047383,-0.7485623927855629,1.3398446219968179,-0.9085608858300925,0.0564102457738336,-1.0865012605810895,0.5365445887067679,0.26097949473807264,-0.5636108299406094,-0.02672294330735501,0.21629931700110697,0.13444864298922823,-0.9464909899361792,-0.17901220969095513,-0.6559504175808899,-0.012211118786874703,-0.19787869005155348,-0.3908661218537351,1.2628527094104836,0.4706471194508727,-1.5437313838857074,-0.14757518041841497,-3.1537605411824403]"
53,"[-1.0513075310072093,1.8711923842096425,-0.1,-0.36338635808996445,-1.1935803895596906,1.102460276692086,-0.3577838794153245,-0.249823200021652,0.519399824037494,0.1261282645939425,-0.1584552425519534,1.648669878126433,-0.9895703711044032,-1.3278172502881684,0.7625146368618583,-0.1311297436256105,-0.1909874461721471,0.16469149240696354,0.7174984291092928,-1.5736962466653424,-1.1761192547203614,-1.65050897626329,0.0888631362906947,0.04282938722104702,-0.6972372622699706,0.28053823619174495,-0.7772145939630787,-0.37652327521181644,-1.1824218818131145,0.7182277949510767,1.096745329824794,-0.7134195946472065,-0.29381883401757997,-1.2279712195292736,-0.3799248983099785,-0.980586187494256,-0.03569765649895002,0.04888355277591355,0.008644884512839119,-0.14210275983077214,-3.71336839332352,0.4209445276565128,0.29488365448921866,-1.5437313838857074,1.2446435027741762,-2.4602453039790557]"
54,"[-1.6717513197983493,0.0056776535281611975,-0.1,-0.36338635808996445,-1.1935803895596906,0.9152853570499662,-0.14532151384869604,-2.479132380096754,0.8839930899399944,0.34005120553802926,-0.15845530690958112,-1.3638498327358193,0.7203952942804293,-0.4248412555033099,0.7625146368618583,-0.44415966701247367,0.3050409822584407,0.16469149240696354,-0.1823098907613481,1.6768510652780442,-1.4283146714490293,0.3068315536829989,-0.5246553526547849,1.5394389195052387,1.1161906180575225,-1.64146171695457,-0.3370313231096238,-1.7338163098109984,-0.6559374473274622,-1.4564446992379285,-0.3730845263890087,-0.39085608021335366,0.29526062982734724,0.01133520038597269,0.43088641907119024,-0.3571766416939615,0.27443895831039267,-0.6126963305887528,-0.7273118766557012,1.2087511665714756,-0.05822679893907463,0.056081268911249635,0.7117392470970652,-1.5437313838857074,-0.14757518041841497,-3.1537605411824403]"
55,"[-1.223653027893637,1.5467550397432979,9.9,-0.36338635808996445,-1.1935803895596906,1.102460276692086,-0.3577864727921547,0.5733453099473782,-0.3884092207982578,0.8766120246272961,-0.15845530690958112,-1.3638498327358193,-0.9891263334104424,0.10382727434865979,0.7625146368618583,-0.444115808906264,-0.4660333122770399,0.16469149240696354,1.9499373127235828,1.6922624241989652,-0.8324303756103658,-0.5506739846574411,-0.9182066202022903,-0.03300307436497884,0.2084640454627273,-0.04488281556258248,1.1787513874859512,0.2954404244425726,0.8232780882110843,-0.2663288040601096,0.11210438428170713,0.5978386418545161,0.6157155160252566,-0.43335225928310384,-0.4553723149042495,-1.0989898559260447,0.5679112774563153,-0.4996305214423739,0.9171776721882797,1.201528664756728,0.9207002526048853,-0.5363615120758248,-0.9760478916725621,-1.5437313838857074,-1.5397938636110062,-2.807002922580748]"
56,"[-0.2240491459523559,-0.07543168258842495,-0.1,-0.36338635808996445,-1.1935803895596906,0.29136895824290027,-0.35776294492765925,-0.12318189079564736,-0.5320013221701457,1.0133824294931877,-0.15845530690958112,-1.3638498327358193,1.2983491181658047,0.6973564394600555,0.7625146368618583,-0.4438498756273421,1.1434131247786794,0.16469149240696354,0.7729368563999011,1.6741309413823846,-0.6712001288525861,1.0088369895410285,-0.36613553487420214,0.902848717252676,1.1544010087834693,-0.25865376374504984,1.6121679062377428,-0.32548636388456825,0.40970642300688737,0.2616390706775477,-0.5329442490203246,1.1616147164854973,0.5546940039329104,1.1291798322122468,0.6059072683744697,-0.20240877221178744,-0.4804721848655594,0.15254795231299226,0.20014763704639954,0.39147009421005696,0.9201832483194439,1.0486960773044254,-1.7170277531840281,-1.5437313838857074,0.13086855622010327,-0.2063207830680558]"
57,"[-0.8789620341207816,-0.07543168258842495,-0.1,-0.36338635808996445,-1.1935803895596906,-0.6445056399676985,-0.3577710687586935,0.44142727950362337,-0.1972246392144914,1.0449448306160858,-0.15845530690958112,-1.0899844044756146,-0.9896347448229985,0.736127880648651,-1.298335733035056,0.4884530266374111,-0.34217399726967124,0.16469149240696354,-0.3017157341565042,0.46348000884000246,1.424904693536067,-0.5850610076362698,-0.05902530336333941,1.0862754698836616,-0.36483609920760857,0.9969060502938911,0.002602415914347461,2.0219787458216514,1.556767496280307,0.8094284332334152,0.7832984149261488,0.8894123599631485,0.4502710124546096,0.6383508442748482,-0.06544734418511222,0.2790959545916681,-0.7483859847629108,1.012022617624559,0.8452978762304554,0.003664958985696455,0.02082436620234969,0.44194688312142677,-0.4216283393574102,-1.5437313838857074,0.13086855622010327,-0.2063207830680558]"
58,"[-1.464936723534636,0.8978803508106088,-0.1,2.5526770092986437,-1.1935803895596906,-0.20776416080275237,-0.3575066068130236,0.5838987523828786,0.22139692671628322,0.07352426272244575,-0.1584552685819493,-0.2683881196950003,1.5285908854046941,-0.3382396251848584,0.7625146368618583,-0.4441673247770499,-0.2852502012270237,0.16469149240696354,-0.6087593314583343,-1.6157785228326664,-0.23018793212372207,-1.540185686176946,-0.8199586511541554,0.35868202217126466,-0.9729094624447268,-0.8769339713058866,-1.2280246849510377,2.5498135929792265,0.5318282237841236,-0.8846091883270502,0.6912674226617297,-0.3327176681082905,-0.012308790514207841,1.7383168520383712,1.6478433284679852,0.3199283915490891,0.09598118870503344,0.626131062884803,0.6191863518852415,1.821818121779212,-0.4718167288725044,0.42334567982995297,-0.6463370941221435,-0.7296344115003639,0.966199766135658,0.4871944541353288]"
59,"[-1.6028131210437784,0.41122433411109194,-0.1,0.7581764755210387,0.8294372198635139,1.3520268362149122,-0.35779077592296255,-2.479871121067239,-0.30998997832658,1.087028032113283,-0.15845450141443165,-1.0899844044756146,0.7391905405856448,0.9379567847799376,0.7625146368618583,-0.4439570843314101,1.2601593490242702,0.16469149240696354,1.4680494447359884,1.7421833840823764,1.4550521102490928,0.6973264209752001,2.032923645223833,1.3114721066603432,0.821998170925961,0.12072181874980091,0.2090270051949988,2.1185224875190216,0.6942617674083852,1.1489025967488808,-0.2890863350010779,1.1529234795878531,1.0733586160007393,0.6618175406540854,1.2390068243067691,-1.685971870424186,-0.6815590441036338,0.8422636644511227,-0.7107009954017701,-0.5020009421536589,0.8191823402340799,0.9571793203702602,-0.08798584985977165,0.4915110470776513,0.6877560294971398,-2.28686649467821]"
60,"[-1.085776630384495,0.4923336702276781,-0.1,0.7581764755210387,0.8294372198635139,0.16658567848148711,-0.3577868227417993,-2.480346025976836,4.855838923110224,0.522411745359218,-0.15845528077710488,0.8270735933458188,0.4243701649732859,0.4274057508104891,0.7625146368618583,-0.4441499207666493,0.8973154403798969,0.16469149240696354,-1.809427731740699,-0.6328491760984865,-0.7236437751035794,-0.9197364203141114,0.5734077926931553,-1.0558369576222182,0.7636119851842065,-1.110235243166374,-0.46516126211538333,0.697218928292093,-1.6023040166680202,-0.7973337679823105,-1.5473129391281273,0.7140916322232267,-0.10173405272082768,0.13307919401037474,0.41214091278265935,-1.2088200660733854,0.324386496996688,0.479264622919499,-0.6620801269610931,0.8024505142606115,-0.7711634372374501,0.5122981076833224,-0.13897332194700915,0.4915110470776513,0.6877560294971398,-2.28686649467821]"
61,"[-1.5683440216664928,0.7356616785774365,-0.1,0.7581764755210387,-1.1935803895596906,1.4768101159763254,-0.35777263103389245,-0.14956549688439832,-0.2254770735477325,0.9292160264987929,-0.15845521764924075,-0.5422535479552051,-0.5623802660505255,0.5165438305524936,0.7625146368618583,-0.44398284226680307,-0.6668398691712035,0.16469149240696354,1.519223377619627,-1.1229586564939769,-1.6293414782180597,0.09781999005580665,2.749685621261631,-0.07719279503176102,0.8307666073576043,-0.4932180564195966,0.059034513819810036,0.5006234316928841,-0.08457463408164317,3.038580862169313,-0.03781407795960214,0.5935006331289208,0.49375833603295083,0.5886923546927894,0.4451279623706001,-1.1823028079087652,0.8704794798958907,-0.4814118366364726,0.7425148908929581,-0.29088764458824773,-1.6316653963619185,0.15907845989214278,1.365508105372892,-1.5437313838857074,-1.2613501269724878,-4.020654587686671]"
62,"[-0.9479002328753526,0.3301149979945058,-0.1,1.8797393091320418,-1.1935803895596906,-3.389737794718788,-0.35778974107187084,0.5047479341166257,0.19097749482461013,0.5504672130240162,-0.15845530690958112,1.1009390216060235,-0.9896991185415939,-0.45455394875064475,0.7625146368618583,-0.4440510659875736,-0.0761100768720102,0.16469149240696354,1.3827595565965913,-0.7462111612700272,-0.7217547694225154,-0.5242012733719434,-0.6159104026739735,1.651672008685154,-1.0059044256625758,-0.29453004850497305,-0.5561077697057487,1.067980187552716,2.3392102346550026,-0.010174952169081628,1.3580842207187398,0.16335360109709762,0.6213872173817185,0.16291248849763934,-0.26450588965735183,-1.2323917643341191,0.02267650762078537,-1.1052866334454754,0.27008635365253053,0.8999032591032019,1.1178458238333582,0.7564604066825609,-0.6971487372509081,-1.5437313838857074,-1.5397938636110062,-2.807002922580748]"
63,"[0.051703649065928586,-0.3187596909381834,-0.1,0.9824890422432393,-1.1935803895596906,0.47854387788502006,-0.3577903684815907,0.13010072765636194,-0.16137956681937585,0.38213440703522666,-0.15845530690958112,0.8270735933458188,-0.20527058625143185,1.6753787256894934,0.7625146368618583,-0.4441457438041531,0.3808440272398557,0.16469149240696354,-0.15672292431952892,-0.08707587351629727,-0.457584605791482,-1.0368128647789376,-0.15415347552253278,-1.2913231647702441,-0.7564088475027734,-1.4613146066622258,-0.985242507024876,0.44222957508985933,-0.5661574718417264,1.5348288849973346,0.14660691413533034,0.003776123039916797,0.6207463302975089,-0.08466625427015964,-0.4090518406809732,-0.013685082138730095,-1.0196838235397414,2.0652193614801333,0.5727524558788545,-0.15716259693151177,0.5812622035078711,0.14411121617367775,0.1890051146551106,-1.0349207761448678,-0.7044626536954515,0.1404368355336365]"
64,"[-1.4304676241573504,-0.3187596909381834,-0.1,0.9824890422432393,-1.1935803895596906,-0.14537252092204578,-0.3577776928055369,-0.9252435158936768,0.07171116303722563,0.1296351980520423,-0.15845529102513478,-0.8161189762154099,0.14714028197135792,-0.68935669538812,0.7625146368618583,-0.44390835310228827,-0.6311218557749292,0.16469149240696354,-0.7793391077371288,-1.0910617017238466,-0.17665564358411684,1.9832642630511885,-0.5706947461090939,0.3002104201547491,-0.9023775073790858,-0.09117391716174555,-0.18837189353166428,-1.1063300240793925,-0.332760653156074,-0.894337117984117,-0.26625367353648793,-0.47839348617874905,0.10004902224341257,0.24344257165201727,0.45326627463945723,0.5166399146942615,-0.9592408617332102,0.17048149019805678,0.28817033752041915,0.2911184007044017,0.4930056122618218,0.7206058841269212,-0.8241849905043337,-1.0349207761448678,-0.7044626536954515,0.1404368355336365]"
65,"[-1.3615294254027794,-0.39986902705476957,-0.1,0.533863908798838,-1.1935803895596906,-3.389737794718788,0.8045418070830741,0.40976695219712217,1.2549407095852654,-0.5121336247802181,-0.15845261167771968,0.005477308565204465,0.029669992563761332,-1.0745346578505215,0.7625146368618583,-0.4441770710228743,-2.287384444110655,0.16469149240696354,-0.08422651940104127,-0.7663691545343574,-1.5021174090483909,0.3059817416774232,0.9203626729823177,1.0922083870209796,0.9318525375198783,-0.4913026698227206,1.677448518824016,-0.10011972291803331,-0.7091960774739694,-0.2638388000978989,-1.01481299441102,-0.7632813441486455,-1.458460535311062,0.48455407316535376,0.5805551465582749,-1.2655292164945335,1.020398353758262,-0.5969994243003014,0.22413453937414562,1.103488632905615,-0.4377344528031414,0.19775560894082175,0.33756842077226384,-0.7296344115003639,0.6877560294971398,-0.7264572109705942]"
66,"[-0.3963946428387837,-0.39986902705476957,-0.1,0.533863908798838,-1.1935803895596906,-3.389737794718788,-0.35775244643832266,-0.9621805644179281,0.10353181139525322,0.28043333675033294,-0.15845530690958112,0.2793427368254092,0.4337677881258936,-0.3846204146441128,-1.298335733035056,-0.444143655322905,-0.4374283896425437,0.16469149240696354,0.8283752836905092,-0.18014155236121612,0.7625376650829503,0.3692917331076293,-1.1527014394959063,-1.123385583856099,-0.7828322650966675,1.1821740561865475,-1.0315726313469373,-1.448758212877684,-0.6587188402002865,-0.8713346556136362,0.3551051254392132,0.428635399113028,-0.36437486715825457,0.3472739449270688,-0.7608584297078126,-1.0188893425850456,0.1719127899689169,-0.06459820279730372,1.513190964742801,0.5554839262531104,0.22180057840045125,0.48619790501194954,0.4895966383667766,-0.7296344115003639,0.6877560294971398,-0.7264572109705942]"
67,"[-0.18958004657507033,-0.39986902705476957,-0.1,0.533863908798838,-1.1935803895596906,1.102460276692086,1.1982351572061105,1.359576771392157,-0.03815398385380357,-0.140398678221641,-0.15845530690958112,0.005477308565204465,-0.4449099766429289,-0.6610934018113869,-1.298335733035056,-0.44416802093746593,0.19035431244253376,0.16469149240696354,1.9072923686538843,-0.25105522249620477,-0.26301446858156574,-0.7268613876346391,0.5857869673493875,0.09121691543260897,2.2775183954852696,-0.3061501444886027,-0.14032741124682163,0.727513311649424,-0.5862784782264034,1.068548243712555,-0.9136742497153448,-0.38039992819979485,-1.233001813346574,0.0986097867128057,1.0893767511456232,0.658901700226418,1.1774694970521118,0.07967298443412525,0.7905369102556505,-0.36691307711055277,-0.7107812340682504,0.39458328540429544,0.036981936395134904,-0.7296344115003639,0.6877560294971398,-0.7264572109705942]"
68,"[-1.2581221272709227,0.5734430063442643,-0.1,3.001302142743045,-1.1935803895596906,0.7905020772885529,-0.35777206861482086,0.4836410492456249,-0.5980377214507836,0.7924456216329013,-0.15845530690958112,-1.0899844044756146,-0.9897686609529233,-0.11466972599454635,0.7625146368618583,-0.4438401293815178,-0.48725816487183615,0.16469149240696354,0.9648391047135448,-0.13155770112355814,0.33121347162040615,-0.007853303012895479,1.4011152056081335,-0.02773014170958478,1.0239894147825852,0.745264221642453,-0.2726014490822552,0.636014992752306,0.4621354738171077,1.964624778818327,0.5352155862167781,0.27759571116479675,1.6254416974063723,0.5141841143681918,-0.2969445900041569,-0.0834236182314116,0.8203550727463286,-0.1824116324254207,1.1834490909781061,-0.5396774579703402,0.3113869581937309,-0.7611897015389483,0.02000440324961544,-0.1190616822113563,-1.5397938636110062,-0.2063207830680558]"
69,"[-0.6376783384797826,0.8167710146940227,-0.1,3.2256147094652454,-1.1935803895596906,0.6033271576464332,-0.3577835044692768,-0.6086402428286651,0.4371190896759787,0.8415426900462982,-0.15845530690958112,-1.0899844044756146,-0.989515864890118,1.6762954709811493,0.7625146368618583,-0.4438825951668954,0.5355203788987883,0.16469149240696354,-1.8103232755661627,-0.7208270983681189,1.750544081336781,-0.3046571902948368,0.008892648668688686,-1.1882511583186226,0.48721988873122624,1.166416002638898,-0.5247589822551598,0.3507582270200959,-0.8372756064271935,0.6645011257561301,-0.5024647338109341,0.9255080960871227,0.12998001085310734,0.7843158759169268,-1.0276097930666606,-0.6523498531368465,-0.31630037583725623,-0.769789994858407,0.2079932883389341,0.2020756023975831,-0.23361082506533987,0.3822842657015724,-1.4453653140354743,-0.1190616822113563,-0.14757518041841497,-2.28686649467821]"
70,"[-0.292987344706927,-0.3187596909381834,-0.1,0.9824890422432393,-1.1935803895596906,-0.20776416080275237,-0.35773938581765985,0.04039646695460864,0.36803585924175597,-0.007135206813849262,-0.15845530690958112,1.648669878126433,-0.9896981787792786,-0.5523884265162594,-1.298335733035056,-0.44390904926270436,0.5340901327670636,0.16469149240696354,-0.03731708092437278,-1.1832772306361015,-1.0695885167294332,1.512970018689008,-1.3564833153348792,-1.061710138732276,-1.2968392424829172,0.4543794271835226,0.5099129632138604,-0.7944954691140675,0.32945533020328466,-0.712487254687394,0.8986157754027791,-0.11003037012416758,0.46380174293346205,1.3723642781125314,1.0541612915499623,0.16713577785331313,0.13101361142416956,0.2139211806225868,0.9780217626150572,-0.8584458264280661,-1.1920337167180948,0.2655448900008637,-0.04825427564410706,-1.0349207761448678,-0.7044626536954515,0.1404368355336365]"
71,"[-0.12064184782049922,0.6545523424608504,-0.1,1.8797393091320418,0.8294372198635139,0.7905020772885529,-0.3577843793433882,-0.20760943027965045,-0.5969623692789302,-2.374490637704108,-0.15845493490609605,0.553208165085614,0.28810462926047387,-0.10416157838268403,0.7625146368618583,-0.4425919137555834,1.3712036586913845,0.16469149240696354,-1.8089586373559323,0.8657036676534066,-0.4473632885145224,0.5431918912257688,0.12089856500917534,1.2572622497499404,0.044024378920580774,1.562292442099078,2.349075598811953,1.0189597147716554,1.182065496882703,0.7814460281967112,1.8957595215704843,0.49373546223743575,0.6231514421521855,0.34969079577670764,-0.4254593978911728,-0.630142626330601,-0.16701238280848132,-0.21528189519741836,0.8653878488457539,1.5551329919622334,1.5004681112402154,0.6611129662454719,0.9611506739318,-1.5437313838857074,-1.5397938636110062,-2.633624113279902]"
72,"[-0.7066165372343537,-0.5620876992879419,-0.1,-0.587698924812165,-1.1935803895596906,0.2289773183621937,-0.35778672900528735,-0.04930779374714465,0.09457054329647432,0.6626890836832093,-0.15845530690958112,1.648669878126433,0.7532869753145564,0.37848851192768174,0.7625146368618583,0.6137619015220671,0.9531713193108565,0.16469149240696354,1.2462957355735558,1.4685076327624553,1.35884955723181,-0.013807597801222938,0.8171845761363147,0.09396539816741507,0.29457835867817167,1.2066648298772054,-0.5259020593465606,0.40985617169715843,-0.5248929646038425,0.09987501043900637,1.2997725940577916,0.7418300438853102,0.2676494949779412,-0.9630266819368798,-0.881080665636845,-0.6933472070853853,-0.7260385683110425,-0.40830930519697084,0.2880925963395052,1.287610302125434,1.4147818372995558,-0.28325005832274064,-1.2721615745573294,1.3056080194629949,0.6877560294971398,0.4871944541353288]"
73,"[0.1206418478204997,1.70897371197647,-0.1,1.4311141756876407,0.8294372198635139,0.29136895824290027,-0.35779050471198803,0.27257220053561715,-0.07013756435908168,-2.374665984377013,-0.15845530690958112,-1.3638498327358193,-0.9885624760212859,0.7245326832838374,-1.298335733035056,-0.4439013914981281,-2.2859545793778984,0.16469149240696354,0.6577955074117148,0.6714151330684309,1.0023312674090852,1.3552358218619316,0.8698456409855165,0.11011350808639178,0.2829321351971807,0.04292479454142073,0.743735349577329,-0.26882477774361074,0.2356411077956574,1.148166555496041,-0.5503202904892905,0.9616771151636231,0.3657198328743822,-0.05481070260469958,0.5727720902970069,-0.16405093332797027,-1.3855215422299396,1.6808525792258775,-0.8089803197733367,-0.4886230661038171,1.0831572967114595,-0.014818510721896981,-1.200045465757694,-1.4419692623375395,1.5230872394126944,0.4871944541353288]"
74,"[-0.4998019409706404,0.16789632576133348,-0.1,1.6554267424098412,0.8294372198635139,-1.455596958416884,-0.35778639155384434,0.06678007304335962,-0.38700800433190324,0.07352426272244575,1.6759420436485941,0.005477308565204465,0.49015352704153997,-0.019009347734834207,-1.298335733035056,-0.44405315446882165,-0.38305996668857784,0.16469149240696354,0.6108860689350463,1.141899647863197,-0.23038559936879782,-0.46634600297044665,0.24177841085324672,-0.7269982913682087,0.044719138318191916,-0.724447993130091,0.9736437975782908,-0.6652629179571354,-0.6662587081624771,0.6951407288175397,-0.4068609985177553,0.6141804831409399,0.8497246589630301,0.8951645161584972,0.14536014520337287,-2.830330536437727,1.0973998861582677,-1.2953675048707916,-0.33969607886030373,-1.6135749890687352,-2.250531998323022,0.6739891311064812,0.9639451432994348,-0.526110168404028,1.5230872394126944,0.4871944541353288]"
75,"[-1.6372822204210637,0.16789632576133348,-0.1,1.6554267424098412,-1.1935803895596906,-2.204296636985363,0.8732819158347154,-0.4345084426429088,0.8951539420266554,-1.0276528431208862,-0.15832105771800395,-1.3638498327358193,0.19882720931070044,-0.38244631513821026,0.7625146368618583,-0.44419795583535504,-0.09914657456699118,-1.8939521626800788,-1.8111612487171322,0.8703118701412993,-2.4070377504501654,-1.999530861204693,-1.366807127708552,1.08639568623501,-0.8020678933064873,-2.3049221771928976,-1.3271263585921347,-1.5446555890620586,0.25400434525350424,-2.055826763289443,0.885246956220866,-0.5418817163157865,-2.1856194508731117,0.3534538870623855,-0.3537054930588773,-1.3972981195026999,0.9473993904409963,-0.6026338621170991,-0.9394929879647693,0.2932108464940311,-2.905171167567744,0.4577682187822786,-1.4139718764300262,-0.526110168404028,1.5230872394126944,0.4871944541353288]"
76,"[1.5683440216664932,2.195629728675987,-0.1,-0.13907379136776382,-1.1935803895596906,-1.330813678655471,4.747724409109041,-0.0070940240051430995,0.5314242165045827,-0.48057122365731997,-0.15845530690958112,1.3748044498662284,0.04846523886897679,-1.39738843447705,-1.298335733035056,3.1617090241767403,0.45184144521867536,0.16469149240696354,-0.1609874187264988,-0.5402505072896635,-0.11694373755275576,-0.9380163430578832,0.6066264940257547,-0.8903756732820934,0.6261783852131823,0.4017298018822386,-0.7353422719975153,0.4013559003144812,-1.0861819141619746,0.7592413059689103,-1.028221070704254,-1.6445410488568697,-3.1678846321834113,-1.3283609729973125,-1.7381952279794168,1.0889361723459217,0.6743486140943559,-2.032880340954628,-0.8376670628743051,1.0141838451411254,-0.7565830978503647,-0.5184513715376782,0.1845632057310498,1.1020837763666589,-0.7044626536954515,0.1404368355336365]"
77,"[0.6032092391024976,-0.643197035404528,-0.1,-0.13907379136776382,0.8294372198635139,-0.14537252092204578,0.5733250776457353,1.195998413641901,-0.9388103074252573,-0.47005042328302066,-0.15845530690958112,1.648669878126433,2.5106425048522016,-0.8980702479547646,0.7625146368618583,3.0433617534523427,0.9386209486641094,0.16469149240696354,1.7409770867820598,-0.6339883731950244,1.1630657829622395,-0.6661650346119821,1.0112012360976164,-0.22880363341467017,-1.1111392074551487,-1.231693019715639,-1.4838512382170568,-0.9239270883025233,-1.8577319844767708,-0.9482009919475496,-0.23901359846834147,-0.7665514196410729,0.0384500076552079,-1.8013595540440497,-1.2528577428401637,1.1756130569033512,2.6694701547370863,-1.9208707996727352,0.733227056789266,0.8965821364972167,1.2788649545121562,-3.239160305801954,1.260618173542052,-1.5437313838857074,0.13086855622010327,0.4871944541353288]"
78,"[1.3959985247800655,-0.643197035404528,-0.1,-0.13907379136776382,0.8294372198635139,-0.020589241160632623,3.7291209794256295,0.26729547931786696,0.4418930015904191,-1.4870611261319577,-0.15845530690958112,-0.8161189762154099,1.0164204235875727,-3.233415467211752,0.7625146368618583,2.388970962388028,-2.286800522289943,0.16469149240696354,-1.809001282300002,-2.3604180648092896,-1.074313248088014,0.23457048327161012,-1.2095363250560458,0.43865636885169906,-1.1103255034109856,-0.015242353902020516,-0.2093247193496729,-0.9980758173481806,0.1564352932022541,-1.3071786017931128,-0.5383948306269587,-3.519727975948419,-1.0084484410475123,-1.2302545127705278,-1.7814281563027474,1.649448921997073,1.4520256488256906,-2.9270881967762077,0.5775903254740006,0.9398729046434204,0.6830176041039031,-0.7388351413490385,2.2196479545444285,-1.5437313838857074,0.13086855622010327,0.4871944541353288]"
79,"[1.3615294254027799,-0.643197035404528,-0.1,-0.13907379136776382,0.8294372198635139,-0.5197223602062853,1.210733358797318,1.2909793955614046,-0.10718833464385114,-0.3367869518752289,-0.15845530690958112,1.648669878126433,2.938234358295853,-1.171282085863185,-1.298335733035056,2.089621983496905,-2.287127571905397,0.16469149240696354,0.926458655050816,0.16405595110391116,-0.5265403919439858,-0.3218174131530972,-0.9535043496529811,-0.34087331118385006,-0.8704291300518753,-0.16637413499395254,0.48418553995924185,-0.7255605180814626,0.579574800288764,-0.5827093389838411,0.173981628620191,-1.3805135792810166,0.33395359235290967,-0.2581654053481208,0.21325962173927526,1.0340329720866495,1.3103091160915912,-2.1307123998765007,-0.24188858473149086,0.5184798432096435,0.3606871391796179,-0.7093953842324854,1.0300315958411457,-1.5437313838857074,0.13086855622010327,0.4871944541353288]"
80,"[0.6376783384797831,-0.643197035404528,-0.1,-0.13907379136776382,0.8294372198635139,-0.3325474405641655,0.8670328150391116,-0.1759491029731493,-0.28975380563806474,-0.7961952348863005,-0.15845530690958112,0.005477308565204465,-0.9889853690631533,-3.029412463574563,0.7625146368618583,-0.44398284226680307,0.46648716560753745,2.223335147494006,-0.463766521621359,0.4423898229106432,-0.3272205295790823,0.634169484112174,-1.089693829526414,-0.18419814836715181,-0.14524624298082864,-2.0115087124855773,-1.0367733421549852,-1.994876543321933,-0.9396806853946414,-1.0637032712495136,-0.6110423625215267,-2.503090914134665,0.17526892839627148,-0.38178966458699026,-0.17639008236362266,0.8171043988429337,0.8568177548508824,-1.4323543039797662,-0.4810758267030573,-1.022627415033219,-0.5209075044785549,-0.16647320141061894,1.2333332160250865,-1.5437313838857074,0.13086855622010327,0.4871944541353288]"
81,"[0.32745644408421304,-0.643197035404528,-0.1,-0.13907379136776382,0.8294372198635139,-0.7692889197291116,0.9607693269731679,0.6419426857781307,-0.5528892234476631,-0.9540072405007908,-0.15845362623267892,0.8270735933458188,-0.9895182142959061,-3.1265222415048766,0.7625146368618583,1.9712747127725077,-2.287160753615653,0.16469149240696354,-1.0309442777483506,0.7312940123571118,0.4065489778339592,-0.7260264524008055,-0.8411669143312953,-1.0167856746925013,-0.597000011011258,-0.7878094601819691,0.3656177292467095,-0.14897958746744433,-0.07372941013922477,-0.23477918001831644,-0.9820339245234924,-3.098063211176975,-2.342658086893747,-3.3300016363335225,-1.358475927461531,-0.08222731410399246,0.9209928732018541,-0.6355222533018405,1.5313157211151158,1.3576357700573334,0.035847265443884946,-2.8646227131548616,0.18805226620525956,-1.5437313838857074,0.13086855622010327,0.4871944541353288]"
82,"[1.430467624157351,-0.643197035404528,-0.1,-0.13907379136776382,0.8294372198635139,-0.3325474405641655,0.6858088919666029,-2.477971501428849,-1.3415785754285559,-0.754112033389103,-0.15845530690958112,1.648669878126433,-0.2992468177775091,-0.7563914301534486,-1.298335733035056,-0.44175652125635234,-0.8101886714668757,0.16469149240696354,1.3187921404920433,-0.8745193153724506,0.029013644244022727,0.8877468689391097,-0.6904894262274445,0.04869148945309385,-0.7963262782722308,-0.10146491064927197,-1.0701615402490288,-1.4791609406889805,-0.9431341015972247,-1.4069354587447638,0.09563852939519578,-0.9840296345077485,0.09438618748508987,-0.1883366881018339,0.37219079345319617,1.5522915721921575,2.204036591226646,-0.5268755012312597,0.5602161754794596,-1.1632315876523178,0.48841245481264406,-2.1317887314372594,1.7341621030343968,-1.5437313838857074,0.13086855622010327,0.4871944541353288]"
83,"[-0.4653328415933548,-0.1565410187050111,-0.1,1.2068016089654399,0.8294372198635139,0.41615223800431345,-0.25780532816956353,0.2989558066243681,-0.2983729162276175,-2.375051747057404,-0.15845530690958112,-0.8161189762154099,-0.9882335592109447,-0.5933339672107575,0.7625146368618583,-0.44385335642942225,0.6293445251399361,-1.8939521626800788,-0.8049260741789479,-0.13821131254979824,0.44224280109638714,0.6496980093663541,-0.9986960708646944,-0.8421144390496524,-1.2606827711127369,-0.20591141967079313,-0.37316922266122704,-0.6669492799360031,0.4347035373819376,-0.4853566426928773,0.2467137063546589,-0.22039021027025404,-0.03676112678104151,-0.17439404063474215,-0.47452614812764116,0.11296931046856427,0.245628940417825,-0.16063307084374906,-0.02059737586360277,-1.3573083422372358,-0.5590088437395978,0.49119232608031527,-1.7343745249379585,0.28798680398131543,-1.2613501269724878,0.660573263436175]"
84,"[-1.1202457297617805,-0.1565410187050111,-0.1,1.2068016089654399,0.8294372198635139,-0.4573307203255787,-0.3577870164639239,-0.20760943027965045,-0.263472850286555,0.36459973974472776,-0.15844691377310008,1.1009390216060235,-0.9897475163008298,0.365081564974616,0.7625146368618583,-0.44417010941871404,-0.115642079952884,0.16469149240696354,-0.6983137140047014,-1.521646461349013,0.9906986026794469,1.8964768427946184,-1.250244588151968,-1.2979089431094375,-1.6727942711299404,-0.7926737264679938,-1.973325513505135,-1.0996862000478207,0.5464708426881024,-0.931440008175865,-1.020013200583397,0.8724174863068305,0.16014940942195485,0.4068576591336752,-0.7510389207605207,-0.8627273723777356,-0.7588681067564875,0.04948434514299162,-0.5749845875559348,0.9408886261019472,-0.3041211396071434,0.7522957454879451,0.12381188792277037,0.28798680398131543,-1.2613501269724878,0.660573263436175]"
85,"[-0.36192554346149813,-0.1565410187050111,-0.1,1.2068016089654399,0.8294372198635139,-0.0829808810413392,-0.357635338289413,0.008736139648107481,-0.704236895028676,0.3190096047894306,-0.15845530690958112,0.553208165085614,0.13304384724244633,0.1567303623256218,0.7625146368618583,-0.44411023962293583,0.7621667159061136,0.16469149240696354,0.6919114626674736,0.2726514657437238,-1.7232665955274475,-0.8049081299745099,-1.8049393355403767,-0.6726621589304527,-1.308648931477954,0.43554017836743475,1.267249285503783,-0.8443318798922032,0.6501775911592427,-0.3858457801678601,1.9797318773688777,0.42827628558159486,-0.49414238317237735,-0.13290750325166154,0.0495087808666448,0.08175000085155888,-0.6711234587941024,-0.24310396329535325,-1.7700916408546223,-0.15441233382721456,-0.7774676901358069,0.5201880738316624,0.21833862668842705,0.28798680398131543,-1.2613501269724878,0.660573263436175]"
86,"[-0.7755547359889249,1.1412083591603672,-0.1,2.7769895760208443,0.8294372198635139,-1.0812471191326445,-0.35778769761591067,-2.4796600522185286,-0.41721562443215066,0.943243760331192,-0.15845530690958112,1.648669878126433,-0.9895468770465217,0.490454636481663,0.7625146368618583,0.7529939847272406,-2.287390355794666,0.16469149240696354,-0.38700562229590146,0.748437314921836,0.7666737992363718,-0.18268726486365636,1.5538122831117251,1.3373604649875268,1.2435831217639948,2.0694956211431714,0.1704545033286217,0.6196596596977093,-0.35016881330657756,0.5185957657871886,0.8590500133213927,0.915412898539359,0.16935326617705274,0.43039789479311946,0.4849604386213323,-1.3927376927042123,0.11853885063611654,1.0671612513882063,-0.6959787654239604,-1.072812831285559,0.239177770549414,-0.4319248492360314,-0.10079431258440728,1.3056080194629949,-1.5397938636110062,0.660573263436175]"
87,"[-1.1891839285163517,-0.23765035482159724,-0.1,0.08523877535443682,-1.1935803895596906,-0.020589241160632623,-0.3577711937407095,-2.4790268456723985,-0.7068438093846844,-0.1649472124283395,-0.15845530690958112,0.8270735933458188,-0.5012957155585753,0.022298542877314215,0.7625146368618583,-0.44416802093746593,-0.6699101308673061,0.16469149240696354,-0.9840348392716821,-0.10983507926997474,-1.3563909454825587,-1.5407997783638392,0.6179873112241003,-1.639772445725334,-1.1492524358138092,-1.3593848701057978,0.571099121183753,0.7455224323014605,-1.1978844999998468,-0.4742933774507726,-1.727458791113772,0.18429778999276647,-0.4459951325470808,0.28468333279265395,0.3612350698106496,0.1933496096473594,0.8312598352120983,1.6363819327032187,0.661155155576779,1.0967911221394917,-0.21452050708251266,-1.1879282209678346,0.19467579744177008,-0.42434804685586014,-1.2613501269724878,0.660573263436175]"
88,"[-0.9134311334980671,-0.23765035482159724,-0.1,0.08523877535443682,0.8294372198635139,0.3537605981236069,-0.35763721301965173,-0.04930779374714465,-0.5861925543456704,0.5153978784430184,-0.15845530690958112,0.8270735933458188,0.06256167359788838,0.37957556168063306,0.7625146368618583,0.3561825475924964,1.4877019736074761,0.16469149240696354,-0.054375058552252234,0.7288674626196793,-0.23641447493491452,0.03362716453698654,2.2883246186451163,-0.4124486198793316,0.7449221315252926,-0.6535727509303274,0.1829963634697346,0.3031702452465237,-0.9497890443052989,0.6056999336638057,-0.8171121463461453,0.7213896568656909,1.5995203684140622,1.1220672371588447,0.7525858936585804,1.7326213626893219,-0.07004367186349912,1.3271247437191651,1.119604407560886,-0.642005657788755,-0.02397334628649599,-0.009211527562259687,0.8216116534464084,-0.42434804685586014,-1.2613501269724878,0.660573263436175]"
89,"[-1.5338749222892072,-0.23765035482159724,-0.1,0.08523877535443682,-1.1935803895596906,-0.5821140000869919,-0.3577712562317174,0.27784892175336734,-0.2608333495010965,0.9783130949121899,-0.15824214788784027,-0.2683881196950003,-0.407319484032498,0.5053109831053304,0.7625146368618583,-0.4439612612939063,0.8012410402248354,0.16469149240696354,0.0991467400986628,-0.23032415365854747,0.0896938128013553,-0.6652779032184101,0.7469838167030387,2.655970557385601,-0.10450982687571349,-0.6237478140753672,-1.2159872952740607,1.0455555579089553,1.8287883737215005,0.3820750894160928,0.5972137518289279,0.6032278429975783,-0.9128217315930082,-0.15924050432777256,1.00952604471252,-0.3505996072041531,-1.2128891810525395,2.303874909235994,-0.6214437050378135,1.4516801092333302,0.421548507865011,0.6789438464151193,2.0252907377506046,-0.42434804685586014,-1.2613501269724878,0.660573263436175]"
90,"[1.0857766303844953,2.3578484009091594,-0.1,-0.13907379136776382,0.8294372198635139,-1.0812471191326445,-0.353541552358213,2.0613806933529326,1.1414258825958243,-0.6208485619813113,-0.15845530690958112,0.005477308565204465,-0.9890793452946793,-0.9545968351082309,-1.298335733035056,2.8553984411253586,0.05667397399732134,0.16469149240696354,0.5938280913071668,-0.004652562023704218,-0.0018927699749307415,-0.9109326515584293,0.4661250390537238,-0.6403460511173863,0.7448792352370379,-1.1486031861104824,-0.7189150821790398,0.13329784854527715,-0.7957461575162154,2.0455464301756097,-0.3408895716238963,-1.8571073545539465,-1.4341412654877868,-3.7389505148768265,-2.5057618299268407,2.4008503854793193,1.4781666189863498,-2.5644020305751893,-0.6558470499586229,0.13584672174821857,1.0827351766003206,-2.4547215438425503,0.9998312376809602,0.5932731686258192,0.4093122928586215,0.1404368355336365]"
91,"[-1.3270603260254938,-0.7243063715211141,-0.1,-0.8120114915343657,0.8294372198635139,0.3537605981236069,-0.35778144226601427,-1.0518848251196815,1.2832746099921317,0.7889386881748015,-0.15845515318913275,0.2793427368254092,-0.10189673157274685,0.04150308851278673,-1.298335733035056,0.5093378391181871,0.5173085781548258,0.16469149240696354,-1.8104085654543018,-0.34952352040842216,1.0863530093343365,0.8435091152964005,-0.01340546525414607,0.6105451270266734,0.6613044556716706,2.068816417314042,0.14276088973176984,-0.4233001605306196,0.7104515664551248,-0.46150749912117817,0.5377243189541222,0.010191730405095295,-0.1922866718329806,0.3740183407859447,0.38868110945852885,-0.16353058862107078,-1.3983972318208866,0.13377751410100608,-0.2259170522837712,-0.21266604044988854,-1.0437026437140748,1.1781362039815138,-0.26721380349738444,-0.526110168404028,0.6877560294971398,-0.37969959236890194]"
92,"[-0.017234549688642534,-0.7243063715211141,-0.1,-0.8120114915343657,-1.1935803895596906,0.5409355177657266,-0.35778667276338016,-0.2709300848926528,0.6020064226935102,0.911681359208294,-0.15845530690958112,0.553208165085614,-0.45430759979553664,1.6767447848790356,0.7625146368618583,-0.443819244569037,0.7650653480664092,0.16469149240696354,-0.3912701167028713,0.1760620114081244,0.5092359385994822,2.606812797630084,0.0679488009571907,-0.32339407316446156,0.18016826660529336,-0.47743160346820146,1.0233496964787312,-0.6898674541439861,0.7880512837673701,0.28328802334911346,-0.25616601531776834,0.9756690609121519,1.3527369559126916,0.8308944372259949,-0.445415075695424,-0.2104072809206634,-0.3041901544602525,-0.23243964224188518,-0.47532123885843447,-0.31219395357238056,0.11823246677848318,0.8760121529780667,0.4486638355245081,-0.526110168404028,0.6877560294971398,-0.37969959236890194]"
93,"[-0.25851824532964146,-0.7243063715211141,-0.1,-0.8120114915343657,-1.1935803895596906,0.04180239872007396,-0.3577721311058288,0.05622663060785922,0.4462432899220081,0.911681359208294,-0.15845373896100773,1.648669878126433,-0.9895684915797726,-0.04654794147626649,-1.298335733035056,-0.44385822955233445,0.28471241723952534,0.16469149240696354,-0.28892225093559465,-1.0201290530313176,-0.12852926485855962,1.0306227095766611,-0.021028094187385275,1.865411049241868,0.044800131824852284,1.4272711878891906,1.1823568249344505,-0.3596585620848283,-0.22048505780598607,-0.6475090990650648,1.8372564574782246,0.13334743284327435,-0.7219128899374575,0.48136710773479857,-0.24468353969679704,0.4097400601304904,-1.4526729589668144,0.7358570251572512,-0.5754713409622829,-0.10211994112172575,-0.7203146937532753,1.4125280950178956,-0.43823361200890737,-0.526110168404028,0.6877560294971398,-0.37969959236890194]"
94,"[-0.5342710403479259,-0.7243063715211141,-0.1,-0.8120114915343657,-1.1935803895596906,0.04180239872007396,-0.3577518215282431,0.18286793983386387,1.7212362218015436,0.522411745359218,-0.15845519725566126,-1.3638498327358193,-0.46370522294814437,-0.32120917905528845,0.7625146368618583,-0.44408448168754283,-0.09620980250984956,0.16469149240696354,-1.8109313924685966,0.9851630586447268,-0.04865637483294081,0.16054411239785193,-0.12439519657301806,2.135798527130095,1.96065140131288,0.3485778802938431,1.311074741670873,-1.0177836406354088,-0.04671099780475327,-1.4752966851025127,-0.6272037708935245,-0.3769801254822008,-0.9122077706990688,-0.12243301735668749,-1.1757234639097836,0.12401849945209908,-1.1882662481602202,-0.42142188869383257,0.502962273808439,0.4827476300907223,-0.6282920336937793,1.5842804324949264,-0.15336119410149412,-0.526110168404028,0.6877560294971398,-0.37969959236890194]"
95,"[-0.7410856366116393,0.978989686927195,-0.1,2.328364442576443,0.8294372198635139,-3.264954514957375,-0.3577544461505773,0.7949676010928863,-0.9607083880157279,0.05949652889004662,-0.15845530690958112,-0.2683881196950003,-0.5858743239320449,-0.17880566141867152,0.7625146368618583,-0.4437677286982511,1.0285166855301195,0.16469149240696354,-0.5405274209468165,-0.7565348370262422,-0.30674025984520203,-1.632022457303866,-0.5514744259887385,0.6000716795370885,-1.092602277414875,0.10420746577467395,-0.31703775553621616,1.0114500238644615,0.6071790349964059,-0.7027132966161305,-0.6543001558578229,-0.09603667941749465,0.7352731998085774,-0.24588083749182665,0.305703993481637,-1.0558130025320671,2.0143560256534823,-0.36597770863979895,0.24013310838374918,0.37369455297075643,-0.07273206541439706,-0.6726655515075955,-0.5292991156703402,-0.627872289952196,0.13086855622010327,0.4871944541353288]"
96,"[0.878962034120782,2.276739064792573,-0.1,0.3095513420766374,0.8294372198635139,0.2289773183621937,-0.35741287030108954,0.029843024519108256,-1.284242752811096,0.4838354773201204,-0.15845530690958112,0.005477308565204465,-0.4871992808296637,0.4415373975988557,0.7625146368618583,0.5232610474387045,1.1868544672862678,0.16469149240696354,0.679117979446564,0.9062556324681073,-0.29746379391308925,0.5408590600538173,-1.3769578115619157,-1.0332896564325404,1.0859889948360792,-0.22077911882615847,1.3950201005721121,-0.35708327122954225,0.5152930796123307,0.6318786173611667,-0.6110248418452701,0.5337993480384492,0.3858689643348615,-2.0420585044284585,-1.9705597157476773,0.7860169108761177,0.03305159026337676,-1.2942891581278484,0.5028814773011124,-0.43982172639672495,-0.03260858245255791,-0.7538482272987466,-0.470182323821164,0.08446256088497958,-0.9829063903339696,0.660573263436175]"
97,"[0.4653328415933553,2.033411056442815,-0.1,0.3095513420766374,0.8294372198635139,0.16658567848148711,-0.35746786238809086,0.7791374374396357,-0.9445455190084757,0.6100850818117126,-0.15845530690958112,-0.8161189762154099,-0.9890793452946793,0.3538487175274529,0.7625146368618583,-0.12416813946535184,0.660809940037882,0.16469149240696354,0.8710202277602078,-1.0815076166298987,-0.4218338093973785,0.9596706233621076,-0.9689559664978277,1.3426699872940016,-1.1997117196496452,-0.2989795538475909,-0.021289758345049,-0.7160704024411012,0.5325490958724557,-0.7318701372902662,0.8071068731952649,0.6636972492022486,2.2596833265375826,-1.4408222495331557,-1.5983077840701407,0.6207571095582376,0.8696984316706626,-1.6763048844592046,0.7526455962811287,0.667001037808088,2.4813078621062568,-1.4308124277410679,0.2719896854370235,0.28798680398131543,1.2446435027741762,0.4871944541353288]"
98,"[0.3963946428387842,1.9523017203262285,-0.1,0.3095513420766374,0.8294372198635139,-0.020589241160632623,-0.357707827858642,0.19342138226936426,-1.081408522698917,0.6100850818117126,-0.15845530690958112,-1.0899844044756146,-0.9895990338550186,1.6766650678971524,0.7625146368618583,-0.4438749374023191,-0.7157161469793462,0.16469149240696354,0.01812134636623542,0.07924686910865973,0.9833881722233929,-0.8155244285939499,-0.0809690787367601,-0.9484262959856609,1.1502342696885817,0.08109521301688467,-0.3453032225309608,1.3111806104316432,-0.6583472362298944,0.6942653581013146,-0.2842800235431987,0.7336874874740982,1.1859012366929451,-0.5935573335307631,-1.114351463834075,1.2292539974480108,-0.31976523510109556,-0.6326640362131459,0.9834081731169549,-2.314237649214443,0.23383223383193147,-0.32310289763946537,-0.5218856336946631,0.4915110470776513,-1.5397938636110062,0.660573263436175]"
99,"[0.18958004657507083,1.7900830480930563,-0.1,0.3095513420766374,-1.1935803895596906,-0.3325474405641655,-0.35730226121700737,0.3306161339308693,-1.3669308175407375,-2.375051747057404,-0.15845530690958112,0.2793427368254092,-0.200571774675128,1.6206240296333378,0.7625146368618583,-0.44391461854603254,0.5395822779128868,2.223335147494006,1.395553039817501,-0.3054169193522748,0.1936449965442792,-1.351744276204361,-0.3398088911530584,-1.7035614250398317,-0.31040787718492485,-0.2598142512431539,-1.278688219470478,0.525141062076616,-1.2348710598511516,1.878540564010297,1.0722782393931525,1.5064891505688593,2.344088388145361,-0.8468502112139147,-2.1523971086222646,2.5639954597895094,0.866716870579579,-1.6025761697606171,1.7755646089454726,-2.04813413024164,0.8990355232727858,-1.5042631761296563,-0.6672856547842384,-1.4419692623375395,0.6877560294971398,0.4871944541353288]"
