"playlist_id","playlist_name","track_id","track_name","track_explicit","track_popularity","album_name","album_release_date","album_release_date_precision","artist_name","audio_avg_pitches","audio_avg_timbre","audio_acousticness","audio_danceability","audio_duration_ms","audio_energy","audio_instrumentalness","audio_key_1","audio_liveness","audio_loudness","audio_mode_1","audio_speechiness","audio_tempo","audio_time_signature","audio_valence","track_uri"
"0LOtldOWaWgJoQyjnZdwTm","üòùFinto Alternativo","4kDgnKgZTX6puRz9EoNjle","title track","True",59,"Tickets To My Downfall",2020-09-25,"day","Machine Gun Kelly","[0.5561288566243198, 0.44745009074410164, 0.3123647912885664, 0.2816079854809433, 0.35231397459165165, 0.2344392014519055, 0.3323012704174229, 0.3496206896551726, 0.3480272232304899, 0.36484754990925616, 0.2891451905626138, 0.44395281306715073]","[48.99310344827588, 46.2864936479129, -10.116148820326696, -14.200945553539015, 4.961130671506349, -29.202558983666048, 5.660328493647913, 3.496353901996372, -13.04566969147007, 7.062355716878405, -11.874842105263156, 0.6982704174228688]","0.00107",268,165967,829,0,7,157,"-5.17",1,101,199886,4,351,"spotify:track:4kDgnKgZTX6puRz9EoNjle"
"0LOtldOWaWgJoQyjnZdwTm","üòùFinto Alternativo","69LvvkHnFFnX3d5eNObtMo","kiss kiss","True",63,"Tickets To My Downfall",2020-09-25,"day","Machine Gun Kelly","[0.5838202676864245, 0.6008680688336525, 0.3279808795411088, 0.3973460803059276, 0.3054703632887187, 0.373682600382409, 0.32937858508604195, 0.34871892925430215, 0.4679311663479927, 0.30711089866156766, 0.3134780114722752, 0.2582963671128107]","[50.93591969407269, 69.09671510516253, -6.3340630975143375, -9.224975143403439, 0.73161759082218, -28.029967495219896, -2.7729330783938817, 0.6400076481835565, -17.186881453154864, 3.3370420650095594, -11.069214149139581, -4.878921606118544]","0.000279",569,138097,"0.85",0,1,337,-5134,1,55,162061,4,769,"spotify:track:69LvvkHnFFnX3d5eNObtMo"
"0LOtldOWaWgJoQyjnZdwTm","üòùFinto Alternativo","3k0YJnqMKRZb8swo86vCkq","drunk face","True",67,"Tickets To My Downfall",2020-09-25,"day","Machine Gun Kelly","[0.38708072487644146, 0.5412026359143327, 0.4718303130148274, 0.41277265238879757, 0.3626326194398683, 0.48219110378912694, 0.36040691927512386, 0.40739044481054365, 0.2818187808896214, 0.31571663920922594, 0.27772158154859977, 0.15040197693574983]","[50.6405403624382, 34.27883196046128, 6.1719950576606255, 1.4513228995057685, 27.069250411861596, -22.78494728171336, 16.078818780889613, 0.22931960461285064, -12.094238879736396, 1.475835255354202, -11.136133443163097, -4.542018121911033]","0.0282",691,143901,"0.77",0,7,497,-4578,0,"0.0367",90024,4,344,"spotify:track:3k0YJnqMKRZb8swo86vCkq"
"0LOtldOWaWgJoQyjnZdwTm","üòùFinto Alternativo","6mADjHs6FXdroPzEGW6KVJ","bloody valentine","True",71,"Tickets To My Downfall",2020-09-25,"day","Machine Gun Kelly","[0.44932584269662884, 0.6224550561797755, 0.39001123595505593, 0.2509901685393256, 0.3156109550561797, 0.3543792134831457, 0.5431755617977527, 0.41160112359550555, 0.4141685393258428, 0.45296488764044956, 0.35814185393258446, 0.32881601123595494]","[53.03036376404492, 37.494772471910125, -15.594377808988767, -16.006359550561807, 2.3335688202247202, -31.182650280898866, 15.061658707865165, 3.1855744382022464, -17.941841292134864, 1.0194382022471906, -12.275213483146064, -4.430251404494378]","0.00021",533,205159,858,0,2,148,-4212,1,"0.0766",160057,4,506,"spotify:track:6mADjHs6FXdroPzEGW6KVJ"
"0LOtldOWaWgJoQyjnZdwTm","üòùFinto Alternativo","1VSuFS7PahCN3SWbOcQ98m","forget me too (feat. Halsey)","True",72,"Tickets To My Downfall",2020-09-25,"day","Machine Gun Kelly","[0.6127391952309984, 0.6892369597615496, 0.34644113263785403, 0.41116542473919565, 0.33689567809239923, 0.3517332339791356, 0.3989478390461998, 0.34773025335320396, 0.49731147540983534, 0.38187630402384515, 0.4040327868852458, 0.22759463487332332]","[50.77417585692994, 61.7829299552906, -10.552078986587173, -9.678961251862887, -4.099803278688521, -25.780321907600594, 4.164782414307005, 3.968327868852465, -10.95723099850969, 3.2807242921013398, -10.882757078986582, 1.4010834575260809]","0.000417",654,171621,875,"0.0086",1,194,-4845,1,"0.0744",99975,4,522,"spotify:track:1VSuFS7PahCN3SWbOcQ98m"
"0LOtldOWaWgJoQyjnZdwTm","üòùFinto Alternativo","1vuUbnY82fCNjfzqjLmblw","all I know (feat. Trippie Redd)","True",61,"Tickets To My Downfall",2020-09-25,"day","Machine Gun Kelly","[0.34010499139414785, 0.5722547332185891, 0.27018244406196157, 0.2102908777969022, 0.26709638554216836, 0.21920998278829606, 0.29323063683304657, 0.21732358003442354, 0.2616368330464716, 0.42406368330464667, 0.19128055077452705, 0.19222203098106735]","[45.386886402753866, 37.07085714285715, -35.450089500860564, 9.17886402753873, 27.40525989672979, -27.539783132530125, 14.32337865748709, -20.942631669535277, -6.992385542168674, 7.472397590361441, -18.616974182444036, -3.7379724612736647]","0.0342",712,129142,624,"4.91e-05",9,"0.0919",-6911,1,67,77471,4,335,"spotify:track:1vuUbnY82fCNjfzqjLmblw"
"0LOtldOWaWgJoQyjnZdwTm","üòùFinto Alternativo","6EPxapAlha7pEyn5kXgW3R","lonely","True",60,"Tickets To My Downfall",2020-09-25,"day","Machine Gun Kelly","[0.409085880640466, 0.6093784570596795, 0.4066928675400294, 0.2861091703056771, 0.3202430858806405, 0.2512605531295486, 0.35935225618631755, 0.23962154294032031, 0.3028064046579326, 0.42577001455604097, 0.2948005822416298, 0.3277583697234353]","[47.702401746724895, 27.300572052401773, -19.895834061135364, -18.45589810771468, 12.88603202328967, -33.01915574963615, 5.83494468704512, 1.4047088791848616, -10.335406113537104, 4.685126637554587, -10.865740902474519, 3.173574963609901]",15,455,190143,728,"4.74e-05",6,111,"-6.62",0,"0.0749",165948,3,461,"spotify:track:6EPxapAlha7pEyn5kXgW3R"
"0LOtldOWaWgJoQyjnZdwTm","üòùFinto Alternativo","41ltleYVuvEjnqiygy2rQ3","WWIII","True",53,"Tickets To My Downfall",2020-09-25,"day","Machine Gun Kelly","[0.5570452488687785, 0.5334660633484164, 0.3232760180995476, 0.38644343891402705, 0.41931674208144787, 0.4130950226244343, 0.48939366515837085, 0.3505067873303168, 0.43575565610859746, 0.3091674208144797, 0.35878280542986424, 0.5513755656108594]","[53.86733031674209, 66.79931674208147, -5.776271493212667, -21.322380090497724, 1.8397828054298635, -37.66025339366516, 3.7942126696832577, 6.4187556561086, -13.974343891402714, 5.534755656108598, -9.034036199095022, -1.25956108597285]","7.47e-05",435,59740,932,"1.31e-06",4,"0.12",-3652,1,148,160084,4,812,"spotify:track:41ltleYVuvEjnqiygy2rQ3"
"0LOtldOWaWgJoQyjnZdwTm","üòùFinto Alternativo","7Ct4wK3Fpp8vvZGcWy4NCP","kevin and barracuda - interlude","True",47,"Tickets To My Downfall",2020-09-25,"day","Machine Gun Kelly","[0.47638652482269506, 0.5235354609929082, 0.501322695035461, 0.45665957446808497, 0.43616666666666704, 0.4471879432624114, 0.4830815602836883, 0.469063829787234, 0.4628900709219856, 0.4650921985815604, 0.43161702127659585, 0.440826241134752]","[37.149648936170216, 65.80014184397166, 54.75574822695036, 18.231705673758864, 47.445656028368795, 8.013251773049648, -10.79569503546099, 8.110815602836876, -21.69982624113474, 0.9097092198581564, -18.67709219858156, 16.226794326241126]",887,603,83297,626,"2.67e-06",7,733,"-12.27",1,947,181151,1,226,"spotify:track:7Ct4wK3Fpp8vvZGcWy4NCP"
"0LOtldOWaWgJoQyjnZdwTm","üòùFinto Alternativo","7os53rdrgA0OU6xC5xJruX","concert for aliens","True",60,"Tickets To My Downfall",2020-09-25,"day","Machine Gun Kelly","[0.4721981651376145, 0.5279412844036698, 0.30042018348623867, 0.3769486238532113, 0.4175761467889911, 0.35432660550458694, 0.4996146788990825, 0.36148623853211004, 0.44506788990825696, 0.33418165137614664, 0.3439100917431195, 0.5367743119266053]","[54.071812844036685, 54.18930458715596, 9.55082752293577, -13.36254495412844, 4.480491743119266, -31.7616348623853, 11.014249541284425, 4.7950605504587145, -9.727363302752304, 5.919572477064218, -9.92670458715595, -1.0302385321100924]","0.00032",507,160222,951,0,11,"0.33",-2999,1,"0.0586",95016,4,692,"spotify:track:7os53rdrgA0OU6xC5xJruX"
"0LOtldOWaWgJoQyjnZdwTm","üòùFinto Alternativo","7kDUspsoYfLkWnZR7qwHZl","my ex's best friend (with blackbear)","True",78,"Tickets To My Downfall",2020-09-25,"day","Machine Gun Kelly","[0.5172065573770496, 0.7429557377049177, 0.3517180327868852, 0.36922295081967227, 0.29610819672131156, 0.40515409836065547, 0.20814262295081964, 0.2177786885245902, 0.24073278688524577, 0.17290000000000003, 0.2135557377049183, 0.15732131147541004]","[50.720377049180335, 55.14843278688525, -21.408616393442635, -11.42632295081968, 12.807904918032788, -26.93383114754101, 7.576196721311476, -3.428693442622949, -17.693142622950802, 6.060418032786882, -16.87453442622953, -5.256732786885253]","0.00473",731,139461,675,0,5,141,-5134,0,"0.0434",124939,4,298,"spotify:track:7kDUspsoYfLkWnZR7qwHZl"
"0LOtldOWaWgJoQyjnZdwTm","üòùFinto Alternativo","2iVsPIS2yjS4xhs5Rdy65O","jawbreaker","True",58,"Tickets To My Downfall",2020-09-25,"day","Machine Gun Kelly","[0.4519908045977009, 0.7121310344827588, 0.5433770114942525, 0.41516321839080467, 0.3863103448275862, 0.3265586206896552, 0.34130114942528705, 0.20710114942528748, 0.23317011494252868, 0.27989425287356295, 0.20971264367816084, 0.28123908045977025]","[49.534777011494285, 59.319351724137974, -16.31874252873566, -9.702034482758618, 1.1820206896551633, -22.494885057471258, 7.824880459770116, 4.0658321839080465, -16.21405977011494, 5.804618390804605, -13.939137931034487, -5.227291954022988]","0.000615",707,117580,576,0,2,405,-5665,1,"0.0364","128.08",4,632,"spotify:track:2iVsPIS2yjS4xhs5Rdy65O"
"0LOtldOWaWgJoQyjnZdwTm","üòùFinto Alternativo","1eTdTVIxLlhHwwA50vEzZa","nothing inside (feat. iann dior)","True",63,"Tickets To My Downfall",2020-09-25,"day","Machine Gun Kelly","[0.4996374045801524, 0.5379287531806622, 0.29031933842239177, 0.3961234096692113, 0.3988206106870231, 0.3556781170483464, 0.4622251908396948, 0.3857366412213746, 0.4118422391857512, 0.32302035623409675, 0.31633333333333336, 0.35979389312977095]","[51.49677226463108, 49.15424554707388, -13.21028117048348, -11.636991094147575, 5.026529262086515, -31.56137404580153, 7.586388040712469, -5.031590330788806, -9.064557251908392, 6.995422391857501, -12.36405597964376, -7.370554707379134]","0.00047",561,172235,"0.81",0,8,157,-4754,0,"0.0461","87.5",4,508,"spotify:track:1eTdTVIxLlhHwwA50vEzZa"
"0LOtldOWaWgJoQyjnZdwTm","üòùFinto Alternativo","5rGUAs7Oamox7PY4P42Qzv","banyan tree - interlude","True",50,"Tickets To My Downfall",2020-09-25,"day","Machine Gun Kelly","[0.27625850340136043, 0.27976190476190455, 0.33989455782312933, 0.23751020408163276, 0.3515850340136053, 0.2553333333333333, 0.33176190476190487, 0.6659489795918365, 0.3829489795918367, 0.30795578231292486, 0.22786394557823111, 0.26435714285714274]","[44.04258843537418, 28.65453741496599, 10.680316326530619, -11.967605442176874, 24.20579251700681, -24.019863945578226, -3.40141836734694, 1.8830544217687073, -3.842891156462584, 5.323687074829931, -11.665564625850337, -3.785309523809526]",129,477,91143,592,0,7,257,-8693,1,"0.0554",82387,4,249,"spotify:track:5rGUAs7Oamox7PY4P42Qzv"
"0LOtldOWaWgJoQyjnZdwTm","üòùFinto Alternativo","0RFgKcpWImLWmK9WSSHAiC","play this when i'm gone","True",60,"Tickets To My Downfall",2020-09-25,"day","Machine Gun Kelly","[0.5476535433070869, 0.2627677165354329, 0.2836509186351709, 0.20150787401574785, 0.4074199475065621, 0.3315039370078744, 0.21760498687664068, 0.33682283464566914, 0.20527427821522304, 0.29141207349081355, 0.13797375328084, 0.22911417322834646]","[44.993593175853015, 11.311775590551193, -3.6166207349081327, -2.951362204724409, 23.563501312335987, -19.845190288713898, -4.954796587926511, -9.54960629921259, -13.805867454068249, 2.2173385826771654, -10.071198162729655, 6.346774278215233]",514,677,202213,443,0,0,107,-9375,1,27,137089,4,629,"spotify:track:0RFgKcpWImLWmK9WSSHAiC"
"0LOtldOWaWgJoQyjnZdwTm","üòùFinto Alternativo","2gTdDMpNxIRFSiu7HutMCg","I Think I'm OKAY (with YUNGBLUD & Travis Barker)","True",74,"Hotel Diablo",2019-07-05,"day","Machine Gun Kelly","[0.42668863261943984, 0.5831334431630966, 0.4325601317957165, 0.2730939044481055, 0.31775123558484314, 0.25660626029654043, 0.30774958813838543, 0.44460790774299835, 0.23480065897858324, 0.31132784184514, 0.17918286655683688, 0.2933344316309717]","[51.687696869851706, 37.42566556836902, 16.95418286655683, -5.603601317957162, 25.392074135090613, -22.338388797364093, 8.304532125205935, 1.9870955518945663, -7.141906095551892, 3.7824761120263544, -14.245204283360803, -5.406538714991762]","0.0257",628,169397,744,0,7,313,-4718,1,"0.0379",119921,4,277,"spotify:track:2gTdDMpNxIRFSiu7HutMCg"
"0LOtldOWaWgJoQyjnZdwTm","üòùFinto Alternativo","37AGgp9VP8TVJBfEat74Bj","Candy (feat. Trippie Redd)","True",70,"Hotel Diablo",2019-07-05,"day","Machine Gun Kelly","[0.627309121621621, 0.475092905405405, 0.2459729729729732, 0.32461655405405365, 0.30394594594594604, 0.5285337837837842, 0.31283614864864884, 0.35494087837837823, 0.3027652027027029, 0.21769932432432434, 0.30140540540540534, 0.2396925675675679]","[49.01313006756755, 63.88718412162164, -20.79620945945945, -18.550217905405397, 15.653819256756757, -12.621371621621618, -4.978229729729738, -0.9670658783783789, -16.760771959459476, -3.857869932432432, -15.855005067567575, -8.624040540540534]","0.00829",744,156719,638,0,5,182,"-4.86",0,49,98019,4,"0.48","spotify:track:37AGgp9VP8TVJBfEat74Bj"
"0LOtldOWaWgJoQyjnZdwTm","üòùFinto Alternativo","63h44N1oLElnzut7RxZt6Z","why are you here","True",63,"why are you here",2019-12-18,"day","Machine Gun Kelly","[0.4813948220064725, 0.46179611650485425, 0.4609822006472494, 0.24721359223300984, 0.27913915857605154, 0.6084482200647255, 0.31977022653721676, 0.3034919093851133, 0.25945145631067973, 0.3609288025889968, 0.4692152103559868, 0.3280372168284791]","[53.27405177993526, 26.985367313915845, 7.928674757281557, -13.038996763754039, 14.19963106796115, -26.979482200647237, 9.37045954692555, -3.67740453074434, -6.304223300970879, 0.7454352750809062, -11.351338187702268, -5.854690938511327]","0.00607",559,175777,889,0,10,476,-3995,1,"0.0434",129063,4,628,"spotify:track:63h44N1oLElnzut7RxZt6Z"
"0LOtldOWaWgJoQyjnZdwTm","üòùFinto Alternativo","7fQox8Ere1HDm0jhSnsFHu","Obey (with YUNGBLUD)","True",54,"Obey (with YUNGBLUD)",2020-09-02,"day","Bring Me The Horizon","[0.6497407912687585, 0.6526944065484305, 0.4154802182810371, 0.5388458390177358, 0.4247053206002723, 0.38389495225102366, 0.45296316507503426, 0.38700409276944064, 0.411416098226466, 0.4345211459754431, 0.5016084583901774, 0.4938417462482942]","[54.522443383356105, 70.73030422919507, 28.315519781718955, -8.160459754433832, 9.180657571623456, -34.20572987721696, 9.064858117326056, 0.27248158253751686, -9.839446111869028, 5.363806275579813, -7.848431105047751, -5.86399863574352]","0.000103",462,220539,"0.99",0,1,374,-3175,0,211,137061,4,204,"spotify:track:7fQox8Ere1HDm0jhSnsFHu"
"0LOtldOWaWgJoQyjnZdwTm","üòùFinto Alternativo","5OxclJsdFESni44YlpNpkR","Parasite Eve","True",63,"Parasite Eve",2020-06-25,"day","Bring Me The Horizon","[0.5934179943767579, 0.5922521087160263, 0.39647891283973735, 0.36936363636363606, 0.5374020618556703, 0.39585098406747943, 0.3606682286785381, 0.3564254920337393, 0.35242924086223104, 0.39100843486410486, 0.3161621368322406, 0.35465229615745086]","[48.4927047797563, 20.70962886597937, 7.073802249297102, -10.812689784442362, 18.078245548266203, -26.172410496719785, 0.12729709465791986, -2.82080880974695, 0.3837947516401111, 4.709452671040295, -11.439838800374885, -5.182299906279284]","0.0289",589,291813,797,"4.35e-06",9,383,-5464,1,"0.15",102489,4,232,"spotify:track:5OxclJsdFESni44YlpNpkR"
"0LOtldOWaWgJoQyjnZdwTm","üòùFinto Alternativo","2eZjO58Qe9og2xmyfw4qwJ","Ludens","False",56,"Ludens",2019-11-06,"day","Bring Me The Horizon","[0.5742956989247308, 0.6739041218638, 0.3859507168458784, 0.47383602150537657, 0.3597374551971326, 0.3995833333333332, 0.4496908602150532, 0.40063620071684564, 0.46502329749103954, 0.34936917562724024, 0.357672043010753, 0.2787025089605735]","[48.44821505376338, 44.168059139784965, -17.732839605734732, -11.844288530465958, 10.638735663082437, -34.062298387096774, -1.3901998207885315, 1.1191944444444453, -7.899966845878139, 3.525230286738348, -9.98104928315412, -5.223207885304656]","0.000551",295,280152,679,"5.44e-05",1,165,-6182,1,"0.15",197964,3,381,"spotify:track:2eZjO58Qe9og2xmyfw4qwJ"
"0LOtldOWaWgJoQyjnZdwTm","üòùFinto Alternativo","0M3adYbGtyRHACP86dey1H","Throne","False",71,"That's The Spirit",2015-09-11,"day","Bring Me The Horizon","[0.5683574879227047, 0.47620611916264116, 0.3539227053140094, 0.45930756843800336, 0.35374235104669904, 0.48606924315619937, 0.35806119162640876, 0.5619790660225443, 0.4709243156199673, 0.30337198067632887, 0.31702576489533013, 0.24734943639291476]","[53.42234299516913, 58.80877616747187, 21.24115942028982, -11.537318840579706, 26.476549114331743, -36.38954267310795, 1.912587761674717, -0.05549758454106279, -5.246194847020934, 5.163563607085351, -7.94475845410629, -13.253278582930754]","0.000455",426,191520,888,0,0,306,"-3.72",0,"0.0987",144111,4,387,"spotify:track:0M3adYbGtyRHACP86dey1H"
"0LOtldOWaWgJoQyjnZdwTm","üòùFinto Alternativo","060RNnzoMay3wKJek1faPc","MANTRA","True",60,"amo",2019-01-25,"day","Bring Me The Horizon","[0.4787174193548389, 0.5318645161290325, 0.5950541935483872, 0.3420580645161295, 0.3253922580645157, 0.38781032258064474, 0.3385587096774194, 0.4253767741935481, 0.30505032258064535, 0.3497432258064517, 0.22587483870967745, 0.2108554838709679]","[53.636401290322546, 62.81219741935485, 4.810633548387089, -13.096418064516127, 3.5473161290322546, -28.635145806451625, 7.202698064516127, -0.2362980645161291, -14.224903225806456, 2.7264399999999984, -9.119194838709673, -3.443289032258064]","0.00054","0.5",233129,817,0,0,152,-3501,1,"0.0459","90.01",4,599,"spotify:track:060RNnzoMay3wKJek1faPc"
"0LOtldOWaWgJoQyjnZdwTm","üòùFinto Alternativo","1JdWRS3PBZlSgKcPKcULtr","nihilist blues (feat. Grimes)","False",56,"amo",2019-01-25,"day","Bring Me The Horizon","[0.5423700906344415, 0.6553157099697877, 0.40004758308157073, 0.3835037764350452, 0.5347862537764353, 0.45452794561933524, 0.411141238670695, 0.42862160120845955, 0.30983836858006064, 0.3450015105740173, 0.23528549848942604, 0.3814796072507561]","[49.448253776435074, 13.987215256797564, -9.894310422960714, -9.268725075528717, 5.729518126888232, -35.785666163141975, 10.793441087613298, 2.6945755287009083, -8.287986404833848, 3.01351510574018, -10.19746450151058, -1.112808157099698]","0.0019",607,325502,813,"0.00088",4,305,-5825,0,"0.0936",133962,4,195,"spotify:track:1JdWRS3PBZlSgKcPKcULtr"
"0LOtldOWaWgJoQyjnZdwTm","üòùFinto Alternativo","4mrjzz6ETpW3wosJUYmKoL","i apologise if you feel something","False",47,"amo",2019-01-25,"day","Bring Me The Horizon","[0.2916652806652805, 0.28630145530145523, 0.4538232848232845, 0.20134719334719342, 0.41124532224532245, 0.40678170478170517, 0.1603596673596672, 0.2133555093555095, 0.16196465696465695, 0.2948274428274429, 0.1604781704781706, 0.13593139293139292]","[43.51666735966736, -34.15338045738046, -0.010877338877338463, -16.42335758835759, 55.14813513513511, -34.698422037422034, -2.9115883575883617, 0.6267006237006241, -14.806906444906442, -2.5068607068607074, -5.546964656964652, 3.1597380457380466]",533,211,139564,361,"0.0284",9,"0.08",-10247,0,"0.0346",179895,1,"0.0537","spotify:track:4mrjzz6ETpW3wosJUYmKoL"
"0LOtldOWaWgJoQyjnZdwTm","üòùFinto Alternativo","4swVflM7KtMxzfHBWqPv9S","in the dark","False",58,"amo",2019-01-25,"day","Bring Me The Horizon","[0.4800153846153846, 0.5457958974358974, 0.37007589743589786, 0.341486153846154, 0.3976102564102566, 0.32285538461538443, 0.43427692307692406, 0.24327897435897453, 0.2843620512820512, 0.3516748717948723, 0.27367794871794865, 0.4777046153846153]","[51.80938666666666, 26.955302564102574, 1.1574984615384605, -10.991245128205131, 21.00585435897436, -27.79513230769227, 6.701990769230769, -0.8658153846153841, -8.989084102564096, 2.1548943589743628, -11.542514871794875, -4.165611282051282]","0.00736",535,271187,768,0,6,661,-4554,0,"0.0577",156014,4,514,"spotify:track:4swVflM7KtMxzfHBWqPv9S"
"0LOtldOWaWgJoQyjnZdwTm","üòùFinto Alternativo","0ceW5TkemJUEmJERavfqQq","wonderful life (feat. Dani Filth)","False",54,"amo",2019-01-25,"day","Bring Me The Horizon","[0.5462335456475582, 0.5007292993630573, 0.34122080679405503, 0.3734161358811045, 0.41992144373673007, 0.7099182590233554, 0.5372685774946919, 0.3851963906581738, 0.38138535031847165, 0.37632165605095513, 0.3760159235668793, 0.33813800424628426]","[52.66961358811034, 77.9207430997877, 25.38033651804664, -5.381836518046705, -1.4991135881104032, -29.00406687898088, 4.832297239915074, 2.101186836518046, -13.184432059447975, 2.1542940552016994, -9.017158174097666, -1.3194978768577506]","0.000416",406,274403,964,"0.000231",6,401,-4076,1,206,173058,4,406,"spotify:track:0ceW5TkemJUEmJERavfqQq"
"0LOtldOWaWgJoQyjnZdwTm","üòùFinto Alternativo","3GHtEaicELsTViK08EXEQQ","medicine","True",58,"amo",2019-01-25,"day","Bring Me The Horizon","[0.5294926829268295, 0.5421841463414631, 0.4378756097560979, 0.25440000000000024, 0.2845658536585364, 0.3632621951219516, 0.27497439024390247, 0.4235451219512195, 0.2879670731707317, 0.4360963414634152, 0.3303146341463413, 0.22861707317073174]","[52.184996341463425, 60.09911951219512, 16.97612073170729, -4.673236585365847, 26.4198268292683, -29.349170731707318, 5.493207317073168, -1.168023170731708, -11.887090243902433, 2.918443902439027, -11.112263414634151, -5.220508536585365]","0.00393",615,227265,858,0,0,"0.0789","-3.3",1,"0.0396",97038,4,323,"spotify:track:3GHtEaicELsTViK08EXEQQ"
"0LOtldOWaWgJoQyjnZdwTm","üòùFinto Alternativo","1PWFyfV7yYhlxHZX2g25wS","ouch","True",47,"amo",2019-01-25,"day","Bring Me The Horizon","[0.6303392156862743, 0.43605686274509803, 0.3669823529411767, 0.21035686274509818, 0.23009215686274517, 0.30446470588235325, 0.25874509803921547, 0.4093392156862745, 0.2934764705882355, 0.3630705882352939, 0.3893137254901961, 0.31266862745098073]","[48.84534705882348, 48.78664117647059, 18.47960588235294, 3.112299999999999, 33.84509607843136, -38.17204509803923, -0.83609019607843, -1.769252941176469, 2.662333333333334, 5.321962745098043, -9.155990196078436, -8.26964705882353]","0.00221",514,109011,813,"0.0204",2,295,-6554,0,"0.0719",160047,4,382,"spotify:track:1PWFyfV7yYhlxHZX2g25wS"
"0LOtldOWaWgJoQyjnZdwTm","üòùFinto Alternativo","2lLsjgDoS0Hg5pNNHymXGG","why you gotta kick me when i'm down?","True",52,"amo",2019-01-25,"day","Bring Me The Horizon","[0.5792994129158516, 0.48504403131115376, 0.3056555772994129, 0.2881174168297456, 0.3427886497064574, 0.5927798434442264, 0.3549696673189822, 0.3947211350293533, 0.4342612524461839, 0.3395626223091975, 0.4575430528375727, 0.2846878669275927]","[49.31563992172216, 11.12496183953036, 26.06617612524461, 4.45434344422701, 30.299171232876674, -31.75307338551856, 7.2866947162426605, -1.5997407045009786, -5.508767123287667, 1.8918874755381598, -9.303263209393341, -0.677385518590996]",175,607,268861,841,"1.33e-05",10,132,-4805,0,136,131862,4,518,"spotify:track:2lLsjgDoS0Hg5pNNHymXGG"
"0LOtldOWaWgJoQyjnZdwTm","üòùFinto Alternativo","1oqMPCtRiO1QQLP8NjuB9Z","fresh bruises","True",44,"amo",2019-01-25,"day","Bring Me The Horizon","[0.5857516778523486, 0.5702382550335573, 0.31365212527964176, 0.4114865771812077, 0.23155928411633123, 0.26133892617449633, 0.3524105145413872, 0.2621789709172256, 0.37686465324384794, 0.23934899328859047, 0.380544742729307, 0.49066219239373615]","[45.29366442953015, -29.789039149888133, -22.003243847874746, 0.009928411633106224, 40.01021812080546, -42.38339373601794, 13.214511185682317, 4.216192393736017, -3.3921331096196887, -1.836635346756152, -5.205108501118568, 1.2789485458613004]","0.0053",675,198454,545,693,3,"0.17",-5275,0,46,117015,4,272,"spotify:track:1oqMPCtRiO1QQLP8NjuB9Z"
"0LOtldOWaWgJoQyjnZdwTm","üòùFinto Alternativo","5IwUFTiNkarb5HEtNRtRtc","mother tongue","False",56,"amo",2019-01-25,"day","Bring Me The Horizon","[0.37670913461538463, 0.6179543269230767, 0.38733533653846136, 0.2789170673076925, 0.4676610576923078, 0.34495312499999997, 0.542514423076923, 0.27250600961538446, 0.30722235576923085, 0.40370913461538493, 0.23653124999999994, 0.2703966346153849]","[51.74234735576927, 27.73532331730769, 8.21852403846154, -10.519693509615383, 16.06720072115382, -29.765612980769234, 4.74605889423077, -2.198823317307688, -9.088628605769228, 1.169009615384615, -8.97538701923077, -2.337929086538461]","0.0196",598,217425,872,0,6,326,-4567,0,"0.0328",107009,4,609,"spotify:track:5IwUFTiNkarb5HEtNRtRtc"
"0LOtldOWaWgJoQyjnZdwTm","üòùFinto Alternativo","6baGTtDakSNvUfW3FJd8yX","heavy metal (feat. Rahzel)","True",53,"amo",2019-01-25,"day","Bring Me The Horizon","[0.5684484649122805, 0.48776644736842095, 0.40530921052631586, 0.3092620614035083, 0.34666776315789466, 0.32497478070175445, 0.514536184210526, 0.4172258771929818, 0.35630921052631526, 0.3606129385964911, 0.32952302631578895, 0.5040142543859647]","[53.19157894736847, 62.812277412280736, 11.26318421052633, -8.342627192982459, 5.902100877192984, -28.767643640350833, 2.51544627192982, -4.267928728070178, -8.094559210526311, 3.792531798245616, -9.74731469298246, 0.8223377192982462]","0.00119",589,240587,914,"0.000257",7,361,-3582,1,"0.0935",129935,4,512,"spotify:track:6baGTtDakSNvUfW3FJd8yX"
"0LOtldOWaWgJoQyjnZdwTm","üòùFinto Alternativo","013TFRzJWkT41RRSgSenfI","i don't know what to say","False",49,"amo",2019-01-25,"day","Bring Me The Horizon","[0.5175389908256887, 0.3991498470948014, 0.32845336391437313, 0.3771674311926608, 0.26364908256880776, 0.3833027522935771, 0.30989143730886815, 0.5418585626911316, 0.29829051987767574, 0.3351383792048928, 0.48929587155963306, 0.26924617737003076]","[48.849504587155984, 44.56180045871564, 19.86682645259939, -7.175963302752285, 15.720949541284412, -26.47044724770644, -4.765649082568809, -4.9068042813455675, -6.667574159021414, 0.2268264525993887, -7.8759518348623905, 1.6563318042813435]","0.0154",499,352375,728,"0.0982",7,246,-6744,0,55,92449,4,239,"spotify:track:013TFRzJWkT41RRSgSenfI"
"0LOtldOWaWgJoQyjnZdwTm","üòùFinto Alternativo","6lFUdRItQEsEuD7dSINL47","Follow You","False",65,"That's The Spirit",2015-09-11,"day","Bring Me The Horizon","[0.4457818428184283, 0.6082642276422767, 0.25249457994579966, 0.4690054200542006, 0.25621138211382105, 0.2898821138211383, 0.3767384823848241, 0.25302845528455264, 0.3979837398373985, 0.23601626016260205, 0.41462737127371235, 0.3461341463414631]","[48.83661653116536, 25.576608401084037, -12.882054200542006, -16.547391598915972, 19.147485094850964, -31.223475609756083, -7.752895663956628, -2.0955731707317082, -10.521085365853668, -0.2644661246612466, -7.454456639566395, 0.20038753387533867]","0.0765","0.54",231107,661,0,3,125,-5534,0,"0.0381",90012,4,506,"spotify:track:6lFUdRItQEsEuD7dSINL47"
"0LOtldOWaWgJoQyjnZdwTm","üòùFinto Alternativo","6o39Ln9118FKTMbM4BvcEy","Drown","False",67,"That's The Spirit",2015-09-11,"day","Bring Me The Horizon","[0.3426544117647057, 0.5192691176470585, 0.2566794117647058, 0.31070588235294067, 0.41997499999999993, 0.2859220588235296, 0.407986764705883, 0.36081176470588217, 0.5320220588235298, 0.5302455882352943, 0.3218867647058821, 0.3155647058823531]","[53.833813235294166, 62.71387205882351, 25.648117647058807, -10.81510294117646, 9.79655147058824, -37.023214705882374, 2.8724220588235303, 1.0490441176470586, -12.20352499999999, 1.8781029411764711, -5.965991176470591, -2.417316176470589]","0.000102",405,222093,"0.94","2.79e-05",1,719,-3103,0,"0.0844",143126,4,"0.24","spotify:track:6o39Ln9118FKTMbM4BvcEy"
"0LOtldOWaWgJoQyjnZdwTm","üòùFinto Alternativo","0rUTQPibpskoXRrKjbGZjo","god save me, but don't drown me out","True",0,"god save me, but don't drown me out",2020-09-17,"day","YUNGBLUD","[0.32920826446280993, 0.47666280991735577, 0.37130578512396717, 0.27452727272727245, 0.4759752066115702, 0.2918363636363638, 0.44476694214876006, 0.3049157024793388, 0.32838181818181816, 0.4271272727272728, 0.24100661157024778, 0.31572892561983457]","[53.54322975206607, 68.73924628099172, 38.94419173553721, -5.979659504132236, 24.891062809917354, -33.674795041322305, 24.489728925619826, 5.666165289256197, -5.780031404958677, 7.288155371900829, -12.376011570247933, -8.368993388429747]","0.00115",373,217510,871,0,2,"0.4",-3706,1,"0.0622",127413,4,201,"spotify:track:0rUTQPibpskoXRrKjbGZjo"
"0LOtldOWaWgJoQyjnZdwTm","üòùFinto Alternativo","00okrW9OfjmG0PZJSY3fJd","Stay Away (feat. Machine Gun Kelly & Goody Grace)","True",62,"Stay Away (feat. Machine Gun Kelly & Goody Grace)",2020-04-24,"day","MOD SUN","[0.42335395189003433, 0.3727731958762886, 0.26403436426116833, 0.4761615120274912, 0.2440962199312718, 0.19994158075601381, 0.20640206185567012, 0.4229209621993129, 0.37473367697594473, 0.2421752577319588, 0.3106580756013747, 0.2251323024054982]","[48.582867697594466, 16.790072164948462, -16.27835738831613, -11.576455326460467, 18.75026975945016, -17.217228522336768, 14.461817869415817, 0.5335807560137452, -6.730745704467358, 4.056073883161515, -17.07822336769759, -8.092116838487975]",22,667,151891,636,0,8,"0.0908",-5669,1,82,158058,4,152,"spotify:track:00okrW9OfjmG0PZJSY3fJd"
"0LOtldOWaWgJoQyjnZdwTm","üòùFinto Alternativo","0NZrY7Lc9g6V03hxRpfToV","body bag (feat. YUNGBLUD & Bert McCracken of The Used)","True",64,"Tickets To My Downfall (SOLD OUT Deluxe)",2020-09-29,"day","Machine Gun Kelly","[0.4764326465927101, 0.5359651347068142, 0.27540887480190157, 0.31784310618066536, 0.38971156893819375, 0.2991410459587957, 0.43742155309033276, 0.3861030110935026, 0.5592028526148975, 0.4669112519809827, 0.3676640253565769, 0.3572345483359749]","[54.874480190174346, 60.488643423137866, 17.68530903328051, -10.339052297939771, 8.946646592709985, -34.479545166402566, 6.066754358161651, 3.9040221870047573, -8.416044374009495, 7.30574326465928, -9.363470681458013, -4.128633914421553]","0.000192",575,170074,959,0,1,"0.0515",-2469,0,108,110973,4,642,"spotify:track:0NZrY7Lc9g6V03hxRpfToV"
"0LOtldOWaWgJoQyjnZdwTm","üòùFinto Alternativo","3WATWS2Ywo5HeHtG0bE2iZ","Teardrops","True",63,"POST HUMAN: SURVIVAL HORROR",2020-10-30,"day","Bring Me The Horizon","[0.6151040787623072, 0.5531012658227845, 0.4657805907172988, 0.3083431786216596, 0.32550210970464144, 0.466478199718706, 0.4445007032348805, 0.47221097046413457, 0.398127988748242, 0.512026722925457, 0.4487102672292548, 0.39129817158931096]","[53.97046835443035, 52.003246132208226, 21.050867791842478, -9.801831223628676, 15.122763713080156, -31.53552461322084, 5.845559774964831, -0.6276244725738398, -7.786105485232065, 4.150992967651198, -9.054700421940934, -8.294462728551336]","0.000323",497,215004,916,0,7,"0.36",-3323,1,108,96051,4,401,"spotify:track:3WATWS2Ywo5HeHtG0bE2iZ"
"0LOtldOWaWgJoQyjnZdwTm","üòùFinto Alternativo","0SrNeyEck4arq4ASwjcq0H","can't look back","True",58,"Tickets To My Downfall (SOLD OUT Deluxe)",2020-09-29,"day","Machine Gun Kelly","[0.37470192307692307, 0.6304399038461536, 0.2620336538461539, 0.38854326923076926, 0.3401249999999998, 0.264108173076923, 0.33313942307692324, 0.21690624999999988, 0.34339663461538444, 0.17434134615384617, 0.22171874999999996, 0.29464423076923113]","[52.51530288461542, 34.96073076923076, -2.46119951923077, -11.13881490384617, 27.595889423076926, -22.713389423076915, 5.70689903846154, -0.11720192307692082, -25.867187500000007, 2.3909375000000015, -11.071937500000008, 0.7546514423076919]",158,605,130312,711,0,8,109,-3592,0,"0.0353",128151,4,408,"spotify:track:0SrNeyEck4arq4ASwjcq0H"
"0LOtldOWaWgJoQyjnZdwTm","üòùFinto Alternativo","3Ddgh4ZwVIkLx0f4WeDFmo","sugar honey ice & tea","False",59,"amo",2019-01-25,"day","Bring Me The Horizon","[0.6493471444568871, 0.41867749160134343, 0.31896416573348224, 0.35268645016797306, 0.29782642777155677, 0.47883762597984286, 0.3568667413213887, 0.36633818589025763, 0.3774501679731247, 0.30747144456886905, 0.32472228443449014, 0.34268756998880184]","[52.46375027995519, 46.93181634938408, 24.493248600223932, -9.092800671892482, 5.284577827547597, -32.44307838745805, 13.551159014557651, 2.587277715565509, -8.467036954087343, 2.800968645016797, -7.4223941769316895, -0.9524120940649516]","0.000243",431,261560,914,"0.0096",0,502,-4243,0,"0.0616",147108,4,534,"spotify:track:3Ddgh4ZwVIkLx0f4WeDFmo"
"0LOtldOWaWgJoQyjnZdwTm","üòùFinto Alternativo","24qhW8fqWyrMHqkBfM2HPk","hope for the underrated youth","True",54,"the underrated youth",2019-10-18,"day","YUNGBLUD","[0.41698825256975025, 0.3349897209985316, 0.3825301027900145, 0.18958590308370052, 0.2716725403817914, 0.19540822320117476, 0.35987371512481653, 0.38996622613803283, 0.28142437591776814, 0.38289280469897186, 0.27671365638766504, 0.4873450807635831]","[53.65587077826724, 60.39725844346551, 12.551337738619681, -17.963049926578567, 29.630124816446383, -29.89270778267252, 6.582624082232005, -0.45248164464023444, -11.238606461086649, -0.3780543318649051, -10.046295154185026, -3.3645330396475757]","0.0222",225,240907,774,0,11,111,"-3.18",0,"0.0483",157525,4,167,"spotify:track:24qhW8fqWyrMHqkBfM2HPk"
"0LOtldOWaWgJoQyjnZdwTm","üòùFinto Alternativo","3FftYzkNisNH913O0KLgiO","hangover cure","True",59,"Tickets To My Downfall (SOLD OUT Deluxe)",2020-09-29,"day","Machine Gun Kelly","[0.428246212121212, 0.48163257575757573, 0.26742613636363616, 0.44977083333333356, 0.3737234848484847, 0.25307954545454525, 0.3722064393939393, 0.27512689393939394, 0.3198749999999998, 0.22070833333333345, 0.25165340909090905, 0.5480284090909093]","[54.116939393939425, 28.478994318181805, -6.98288446969697, -13.897821969696961, 29.137825757575765, -34.67093939393941, -5.822625, -3.8829772727272727, -17.760376893939377, 2.038244318181818, -10.679941287878778, 0.8994488636363611]",164,373,159586,842,0,11,102,-3327,1,"0.0757",170149,4,579,"spotify:track:3FftYzkNisNH913O0KLgiO"
"0LOtldOWaWgJoQyjnZdwTm","üòùFinto Alternativo","4ysgA7BNxkyN6Aibc5CZsw","split a pill","True",53,"Tickets To My Downfall (SOLD OUT Deluxe)",2020-09-29,"day","Machine Gun Kelly","[0.5588600311041994, 0.6303639191290823, 0.48771539657853785, 0.36567185069984404, 0.3978102643856917, 0.2585645412130638, 0.39288646967340607, 0.44892223950233306, 0.4703841368584765, 0.46644634525660983, 0.33404043545878653, 0.43170762052877143]","[53.548031104199076, 40.7179284603422, -10.275699844478996, -21.158536547433865, 13.554376360808709, -29.21347744945565, 1.8208055987558303, 4.857919129082419, -12.205332814930019, 5.3936765163297, -11.062830482115071, -1.8484105754276834]","0.00957",505,165677,"0.86",0,2,597,-3708,1,205,155178,4,749,"spotify:track:4ysgA7BNxkyN6Aibc5CZsw"
"0LOtldOWaWgJoQyjnZdwTm","üòùFinto Alternativo","6sIbv1oWOuma2qV907MUbk","1x1 (feat. Nova Twins)","True",64,"POST HUMAN: SURVIVAL HORROR",2020-10-30,"day","Bring Me The Horizon","[0.5961718120805362, 0.6858348993288583, 0.3217852348993291, 0.3475704697986577, 0.4113221476510068, 0.35779731543624194, 0.4331342281879194, 0.35641342281879185, 0.5089812080536913, 0.4247127516778521, 0.37959194630872484, 0.38387248322147666]","[53.84725503355703, 72.26799597315446, 27.487573154362416, -2.4485154362416095, 17.549170469798653, -32.31080939597312, 7.914073825503364, 0.6235328859060402, -10.380962416107378, 3.4792953020134263, -8.711044295302015, -5.018893959731547]","0.000209",452,209598,937,"3.61e-06",1,606,-3346,0,161,164032,4,604,"spotify:track:6sIbv1oWOuma2qV907MUbk"
"0LOtldOWaWgJoQyjnZdwTm","üòùFinto Alternativo","6gc4LhCNFbbs6wQDgafu7b","No Heart To Speak Of","False",45,"NINE",2019-09-20,"day","blink-182","[0.44565976714100936, 0.3476584734799482, 0.3319598965071147, 0.1932664941785251, 0.2484294954721861, 0.20484864165588576, 0.37798059508408816, 0.46904398447606677, 0.34569598965071197, 0.4253544631306594, 0.30120310478654577, 0.4139573091849933]","[50.02377619663649, 55.95265717981879, -5.62000388098318, -9.699456662354457, 12.008410090556254, -37.12685381630013, 14.94072703751616, 1.577002587322121, -5.805152652005172, 4.03559249676585, -12.69715135834411, -2.814350582147476]","0.000109",537,220293,783,"6.86e-06",7,"0.35",-5409,1,"0.0529",160032,4,369,"spotify:track:6gc4LhCNFbbs6wQDgafu7b"
"0LOtldOWaWgJoQyjnZdwTm","üòùFinto Alternativo","6KWcq5p0wsz97N3eoRUSH6","I Really Wish I Hated You","False",58,"NINE",2019-09-20,"day","blink-182","[0.46926993006992995, 0.5007118881118878, 0.23048391608391594, 0.32548111888111897, 0.5357258741258741, 0.3096685314685316, 0.3817412587412589, 0.2445314685314685, 0.481524475524476, 0.3322531468531469, 0.3048195804195801, 0.5124125874125868]","[50.70661258741263, 24.66044615384612, -0.26643916083915914, -14.617994405594407, 25.728714685314678, -21.430321678321658, -6.917369230769235, 0.32071888111888114, -8.05391188811188, 2.140373426573427, -12.153711888111898, -9.768820979020981]","0.0358",615,191067,"0.81",0,1,289,-6137,0,"0.0506",143054,4,728,"spotify:track:6KWcq5p0wsz97N3eoRUSH6"
"0LOtldOWaWgJoQyjnZdwTm","üòùFinto Alternativo","6shny2UVkpaLc7jEKEoePa","¬ø (feat. Halsey)","False",52,"Music to listen to~dance to~blaze to~pray to~feed to~sleep to~talk to~grind to~trip to~breathe to~help to~hurt to~scroll to~roll to~love to~hate to~learn Too~plot to~play to~be to~feel to~breed to~sweat to~dream to~hide to~live to~die to~GO TO",2019-12-27,"day","Bring Me The Horizon","[0.34764612954186414, 0.7048783570300162, 0.3410853080568718, 0.26283570300157977, 0.3464344391785149, 0.3200663507109003, 0.6154454976303322, 0.3195932069510271, 0.29262796208530806, 0.36505134281200635, 0.24588309636650924, 0.24660663507108993]","[47.28588862559241, 28.179243285939968, 45.267838862559266, 12.39344707740913, 21.94522195892573, -30.73254265402848, 10.46208293838863, -1.853217219589255, -3.7387187993680904, 1.5497156398104224, -4.356406003159548, 1.2960497630331749]","0.00799","0.51",313345,789,674,2,838,-6384,1,116,155971,4,"0.13","spotify:track:6shny2UVkpaLc7jEKEoePa"
"0LOtldOWaWgJoQyjnZdwTm","üòùFinto Alternativo","30zjD8uAoLLckluGf0PNV6","Remember To Forget Me","False",49,"NINE",2019-09-20,"day","blink-182","[0.5079525993883793, 0.283105504587156, 0.32447094801223264, 0.5222966360856266, 0.24544648318042803, 0.3245535168195722, 0.23429204892966343, 0.4290183486238531, 0.40237155963302773, 0.2155825688073394, 0.2912737003058106, 0.22876452599388405]","[47.579380733945015, 40.01134403669729, 6.138818042813458, -4.80253975535168, 32.907181957186545, -27.329733944954146, 9.745122324159016, -3.347700305810397, -10.254053516819573, 0.5259036697247713, -9.69457033639143, -0.6270596330275227]","0.0176",611,209813,639,"2.92e-06",0,"0.0987",-7044,0,"0.0294",140052,4,257,"spotify:track:30zjD8uAoLLckluGf0PNV6"
"0LOtldOWaWgJoQyjnZdwTm","üòùFinto Alternativo","39n1y2JqVOPIdfUeLqzgfl","Darkside","False",58,"NINE",2019-09-20,"day","blink-182","[0.49991778523489994, 0.5528187919463089, 0.30056711409395975, 0.3498573825503355, 0.5429278523489927, 0.34915604026845654, 0.4361174496644294, 0.29577013422818793, 0.482835570469799, 0.421167785234899, 0.26186409395973176, 0.410548657718121]","[54.27778523489938, 51.0599463087248, 29.79674664429531, -1.6393255033557022, 23.327261744966442, -29.809177852348995, 10.381617449664432, 0.7725553691275168, -9.924412751677833, 3.330541946308729, -11.897649328859057, -7.571350671140948]","0.00627",497,180960,923,0,4,82,"-3.04",1,"0.11","155.11",4,545,"spotify:track:39n1y2JqVOPIdfUeLqzgfl"
"0LOtldOWaWgJoQyjnZdwTm","üòùFinto Alternativo","0tyR7Bu9P086aWBFZ4QJoo","Monsters (feat. blackbear)","True",70,"Wake Up, Sunshine",2020-04-03,"day","All Time Low","[0.6317820299500831, 0.45386356073211315, 0.38642262895174684, 0.3594675540765395, 0.2816073211314475, 0.3312545757071544, 0.27894342762063196, 0.496547420965058, 0.3660183028286192, 0.30217637271214626, 0.3982662229617303, 0.2797720465890184]","[53.13716638935106, 58.14534608985021, 30.99411813643927, -2.2007088186356074, 33.76650582362729, -26.387708818635616, 8.974627287853568, 2.361555740432611, -12.521277870216299, 1.9382179700499171, -10.551209650582365, -2.3602579034941775]","0.0493",369,174068,845,0,0,416,-3449,0,"0.0611",78532,4,782,"spotify:track:0tyR7Bu9P086aWBFZ4QJoo"
"0LOtldOWaWgJoQyjnZdwTm","üòùFinto Alternativo","4LJhJ6DQS7NwE7UKtvcM52","What's My Age Again?","True",74,"Enema Of The State",1999-06-01,"day","blink-182","[0.4914693520140108, 0.7231838879159367, 0.3723747810858147, 0.41626269702276697, 0.30046935201401037, 0.2760192644483358, 0.4943852889667244, 0.27787040280210135, 0.3663239929947462, 0.2621155866900174, 0.36723467600700527, 0.36503502626970197]","[48.22782486865148, 43.43115586690022, 7.670936952714537, -9.120602451838877, 4.180945709281963, -28.71357618213661, -3.099022767075305, 0.6117968476357282, -10.778171628721541, 1.8569947460595475, -6.792187390542911, -0.48951313485113945]","0.0126",391,148360,951,"0.000378",6,"0.0878",-7419,1,"0.0692","157.66",4,468,"spotify:track:4LJhJ6DQS7NwE7UKtvcM52"
"0LOtldOWaWgJoQyjnZdwTm","üòùFinto Alternativo","1AdYZ6X00nXmO613Y7GJOl","I Miss You","False",72,"blink-182",2003-11-01,"day","blink-182","[0.3431657977059439, 0.3821074035453598, 0.2229739311783105, 0.34767987486965557, 0.36572471324296163, 0.2812429614181438, 0.39509384775808193, 0.2899874869655888, 0.3271970802919705, 0.2548759124087592, 0.3835516162669445, 0.44693534932221035]","[47.65878102189776, 36.790698644421305, -22.619551616266925, -13.171918665276333, 3.7070437956204394, -27.610453597497404, 3.3651167883211692, 0.6913493222106358, -10.499534932221069, -7.474892596454634, -9.51382690302399, -1.2548373305526592]","0.00113",423,227250,714,"6.28e-06",11,"0.0855",-8295,1,45,110017,4,593,"spotify:track:1AdYZ6X00nXmO613Y7GJOl"
"0LOtldOWaWgJoQyjnZdwTm","üòùFinto Alternativo","6xpDh0dXrkVp0Po1qrHUd8","Adam's Song","False",69,"Enema Of The State",1999-06-01,"day","blink-182","[0.6475583238958096, 0.3534552661381648, 0.381224235560589, 0.293511891279728, 0.4950147225368061, 0.46580747451868665, 0.2149399773499432, 0.3305956964892412, 0.2045300113250285, 0.2946126840317101, 0.18824462061155164, 0.3029003397508494]","[48.88402831257084, 51.43621404303505, 3.3722525481313705, -6.7857950169875485, 12.372046432616068, -25.223266138165318, -2.702332955832392, -2.1158607021517524, -3.7511494903737246, 2.7912763306908244, -10.693321630804062, 0.5602706681766698]",34,"0.52",249627,775,0,0,364,-5803,1,"0.0348",136028,4,382,"spotify:track:6xpDh0dXrkVp0Po1qrHUd8"
"0LOtldOWaWgJoQyjnZdwTm","üòùFinto Alternativo","1fJFuvU2ldmeAm5nFIHcPP","First Date","False",72,"Take Off Your Pants And Jacket",2001,"year","blink-182","[0.6490014970059875, 0.42115419161676665, 0.31189520958083883, 0.2587649700598805, 0.35917365269461105, 0.37342215568862247, 0.3645913173652696, 0.4704311377245513, 0.3879266467065863, 0.40625748502993997, 0.2951287425149699, 0.35044610778443147]","[52.63955389221556, 59.40326646706586, -5.954116766467072, -13.76615868263473, 2.061306886227543, -22.96434730538922, -1.6653892215568846, 4.156827844311379, -3.7872305389221563, 5.540781437125748, -12.608513473053897, -6.788835329341315]","0.000715",579,171533,928,0,0,"0.18",-4344,1,"0.0411",95594,4,882,"spotify:track:1fJFuvU2ldmeAm5nFIHcPP"
"0LOtldOWaWgJoQyjnZdwTm","üòùFinto Alternativo","6EE19skJ32p58xihYj2Waa","She's Out Of Her Mind","False",59,"California",2016-07-01,"day","blink-182","[0.6473036020583187, 0.439471698113207, 0.43798113207547174, 0.3075077186963977, 0.4400205831903949, 0.4696963979416806, 0.3445540308747858, 0.5104150943396227, 0.3318096054888511, 0.37504288164665506, 0.342545454545454, 0.28723499142367037]","[54.7810394511149, 57.886168096054895, 26.816655231560894, -5.40729331046312, 14.523222984562604, -31.033977701543723, 4.315838765008578, 1.4218113207547165, -7.833994854202403, 5.539329331046313, -7.484492281303611, -10.015272727272716]","0.00448",447,162720,967,0,0,487,-2706,1,"0.0793",179991,4,606,"spotify:track:6EE19skJ32p58xihYj2Waa"
"0LOtldOWaWgJoQyjnZdwTm","üòùFinto Alternativo","1kVWn6BRzI9CwGz2vwmXlH","Los Angeles","False",44,"California",2016-07-01,"day","blink-182","[0.5339340490797554, 0.6776119631901845, 0.30911503067484675, 0.334622699386503, 0.45586656441717793, 0.3150736196319018, 0.46224079754601205, 0.36192791411042946, 0.5439647239263803, 0.46161809815950905, 0.3917423312883438, 0.41621932515337434]","[53.747087423312855, 55.29003527607366, 16.522565950920242, -10.695026073619635, 21.21583742331288, -33.09616717791411, 12.1982116564417, 3.8826518404907984, -9.771331288343562, 3.0133067484662557, -9.44593251533744, -4.374734662576688]","0.00318",554,183267,976,0,1,"0.0718",-2599,0,134,102089,4,354,"spotify:track:1kVWn6BRzI9CwGz2vwmXlH"
"0LOtldOWaWgJoQyjnZdwTm","üòùFinto Alternativo","1BfzeCKzo8xSvJcYLmnP8f","Crawling","False",51,"Hybrid Theory (20th Anniversary Edition)",2020-10-09,"day","Linkin Park","[0.33922506738544506, 0.48957547169811355, 0.2318935309973044, 0.2674393530997305, 0.393010781671159, 0.25318598382749335, 0.28660107816711594, 0.24839892183288423, 0.5916684636118595, 0.38426010781671155, 0.2396010781671157, 0.40720080862533664]","[49.10486522911049, 43.789516172506765, 39.592002695417804, 2.799218328840969, 21.783382749326147, -26.59689353099728, 8.659141509433962, 3.0201792452830163, -0.6884851752021546, 1.629629380053909, -9.506064690026962, -5.353180592991913]","0.0455",581,208960,699,"3.74e-06",4,536,-5564,1,"0.0337",105074,4,282,"spotify:track:1BfzeCKzo8xSvJcYLmnP8f"
"0LOtldOWaWgJoQyjnZdwTm","üòùFinto Alternativo","6nTiIhLmQ3FWhvrGafw2zj","American Idiot","True",76,"American Idiot",2004-09-21,"day","Green Day","[0.6536762688614538, 0.6810370370370376, 0.41279561042523966, 0.5193223593964332, 0.4753209876543212, 0.43586556927297704, 0.3801138545953364, 0.38097119341563795, 0.5526899862825783, 0.3965198902606307, 0.42223045267489717, 0.31113168724279866]","[54.748026063100056, 70.78105075445811, 17.01472976680384, -0.4208655692729776, -6.09737585733881, -32.581786008230466, 10.641326474622774, -2.052500685871055, -12.297458161865574, 5.255648834019205, -7.780338820301776, -2.9219602194787386]","2.64e-05","0.38",176346,988,"7.86e-05",1,368,-2042,1,"0.0639",186113,4,769,"spotify:track:6nTiIhLmQ3FWhvrGafw2zj"
"0LOtldOWaWgJoQyjnZdwTm","üòùFinto Alternativo","0HJRAM7Gt9jXskuXjZeFX3","Holiday / Boulevard of Broken Dreams","True",57,"American Idiot (Deluxe)",2004-09-21,"day","Green Day","[0.4312699811202009, 0.43351353052234065, 0.28205663939584613, 0.39046066708621746, 0.27081246066708625, 0.4299232221522971, 0.2647331655129013, 0.31877533039647593, 0.42423788546255475, 0.22318502202643173, 0.24743926998112004, 0.18783259911894246]","[53.0811371932033, 41.56625235997486, 5.925572687224668, -6.933438640654503, 0.5347356828193826, -24.83880931403403, 7.312207048458149, -1.8670427942101935, -5.780882945248592, 0.7888565135305208, -9.218507866582764, -3.1439741976085624]","0.000659","0.29",493400,827,"2.55e-06",8,301,-3451,1,"0.0362",167086,4,"0.45","spotify:track:0HJRAM7Gt9jXskuXjZeFX3"
"0LOtldOWaWgJoQyjnZdwTm","üòùFinto Alternativo","6L89mwZXSOwYl76YXfX13s","Basket Case","False",78,"Dookie",1994-02-01,"day","Green Day","[0.3853744292237441, 0.3306164383561643, 0.36432572298325694, 0.5826057838660579, 0.3553561643835612, 0.43675799086758, 0.3225677321156775, 0.3671339421613392, 0.4064703196347032, 0.3377366818873667, 0.5919421613394213, 0.33575494672754946]","[52.623076103500736, 56.371203957382086, 15.481085235920832, -6.673625570776261, 0.9033089802130915, -20.63541552511415, -1.498302891933029, 3.490599695586, -11.242811263318101, -1.6280289193302913, -10.360362252663613, 3.406966514459667]","0.00293",442,181533,943,"8.71e-06",3,91,-3205,1,"0.0602",85064,4,781,"spotify:track:6L89mwZXSOwYl76YXfX13s"
"0LOtldOWaWgJoQyjnZdwTm","üòùFinto Alternativo","68pN2UQYhwQgPy7VrCFKuV","In Too Deep","False",0,"All Killer, No Filler",2001-01-01,"day","Sum 41","[0.42065437158469987, 0.43372814207650323, 0.3140355191256829, 0.28545491803278694, 0.5047103825136615, 0.24982786885245897, 0.3411912568306011, 0.3103852459016394, 0.45774590163934425, 0.5206734972677592, 0.31813387978142077, 0.4725450819672131]","[50.98917622950821, 59.54427459016395, 6.551262295081968, -12.262853825136615, 0.20710382513661058, -27.161135245901637, -7.219953551912583, 1.6885833333333322, -5.294043715846989, 6.094502732240428, -8.42920355191257, -5.574428961748631]","0.000192",566,207093,835,0,9,"0.0581",-5885,1,"0.0504",116041,4,749,"spotify:track:68pN2UQYhwQgPy7VrCFKuV"
"0LOtldOWaWgJoQyjnZdwTm","üòùFinto Alternativo","6FT9FZccFD6nE8dMNslz2n","Walk On Water","False",62,"AMERICA",2018-04-06,"day","Thirty Seconds To Mars","[0.48237808641975294, 0.4637407407407404, 0.2725910493827164, 0.32622376543209874, 0.2504691358024688, 0.275220679012346, 0.23182561728395054, 0.270796296296296, 0.4011929012345681, 0.3013888888888891, 0.4568904320987652, 0.35382716049382745]","[50.383026234567915, 59.52834104938271, 1.358827160493824, -13.401328703703696, 17.146364197530882, -35.18440432098761, 21.857239197530866, 2.843063271604939, -10.574768518518512, 4.587404320987653, -10.40874691358025, -1.715862654320989]","9.16e-05",495,185467,787,0,8,167,"-6.89",1,"0.0368",140003,4,388,"spotify:track:6FT9FZccFD6nE8dMNslz2n"
"0LOtldOWaWgJoQyjnZdwTm","üòùFinto Alternativo","7793p4ZXhtbW5RpeRK7rid","Dangerous Night","False",52,"AMERICA",2018-04-06,"day","Thirty Seconds To Mars","[0.38836137071651045, 0.4956573208722743, 0.5167632398753894, 0.28944704049844233, 0.38795950155763254, 0.2603644859813085, 0.360252336448598, 0.3443099688473522, 0.2612398753894083, 0.31900467289719636, 0.23872741433021816, 0.3133691588785044]","[48.55152024922121, 46.58292211838009, 8.240208722741437, -6.6095264797507784, 24.517549844236775, -34.71916199376952, 4.480309968847353, 1.7575623052959513, -8.335316199376948, 4.339518691588785, -8.545110591900322, -6.127580996884737]","0.00212",295,199773,715,"1.55e-06",2,242,-6533,1,"0.0709",86937,4,242,"spotify:track:7793p4ZXhtbW5RpeRK7rid"
"0LOtldOWaWgJoQyjnZdwTm","üòùFinto Alternativo","3jfr0TF6DQcOLat8gGn7E2","Do I Wanna Know?","False",0,"AM",2013-09-09,"day","Arctic Monkeys","[0.41876670716889436, 0.34507047387606304, 0.3811555285540704, 0.4210935601458083, 0.4563791008505472, 0.4470461725394898, 0.32274726609963533, 0.5164374240583237, 0.352177399756987, 0.29059295261239376, 0.2953523693803158, 0.24001458080194418]","[47.469382746050954, 7.835729040097205, 13.297007290400959, -5.606972053462941, -0.2534860267314711, -19.48145808019443, -2.5583742405832313, 1.5133061968408263, -4.277003645200481, 1.725356014580803, -10.23533049817739, -1.068975698663427]",186,548,272394,532,"0.000263",5,217,-7596,1,"0.0323","85.03",4,405,"spotify:track:3jfr0TF6DQcOLat8gGn7E2"
"0LOtldOWaWgJoQyjnZdwTm","üòùFinto Alternativo","2LlvrdnLa3XbB1b4jYuCnl","R U Mine?","False",0,"AM",2013-09-09,"day","Arctic Monkeys","[0.47366309341500784, 0.6023598774885143, 0.3862741194486985, 0.2380612557427258, 0.2649770290964777, 0.272531393568147, 0.47960643185298596, 0.26652220520673825, 0.23029249617151573, 0.29440275650842235, 0.24079326186830008, 0.3742588055130167]","[51.996840735068886, 35.03655589586528, 10.417849923430321, -16.172232771822333, 3.1746539050535945, -26.012431852986193, 2.3243583460949497, 6.4302419601837695, -7.0146401225114845, 3.577787136294025, -9.302882082695241, -0.4070015313935677]","0.00616",288,201726,758,0,6,303,-5692,0,"0.0371",97094,4,619,"spotify:track:2LlvrdnLa3XbB1b4jYuCnl"
"0LOtldOWaWgJoQyjnZdwTm","üòùFinto Alternativo","0NdTUS4UiNYCNn5FgVqKQY","Snap Out Of It","False",72,"AM",2013-09-09,"day","Arctic Monkeys","[0.467022491349481, 0.485846020761246, 0.29765051903114187, 0.3915536332179932, 0.3699048442906577, 0.5840034602076126, 0.3401020761245672, 0.3487422145328722, 0.4269757785467126, 0.29987024221453307, 0.4150138408304501, 0.24992560553633222]","[48.92374567474047, 13.441015570934262, 5.202650519031134, -1.599384083044982, 26.494899653979232, -18.27244809688582, 3.6474913494809704, 3.6737733564013846, -11.622607266435983, 0.9584515570934272, -9.599044982698961, -2.3778148788927327]",249,728,193030,638,0,5,116,-6455,0,"0.0336",130014,4,872,"spotify:track:0NdTUS4UiNYCNn5FgVqKQY"
"0LOtldOWaWgJoQyjnZdwTm","üòùFinto Alternativo","3px2rAPu74ltbkf9eZsZ8h","Emperor's New Clothes","False",67,"Death of a Bachelor",2016-01-15,"day","Panic! At The Disco","[0.47821265377855837, 0.5533567662565901, 0.35578207381370813, 0.46353954305799644, 0.3596291739894549, 0.45642355008787344, 0.4386537785588752, 0.33653954305799677, 0.41870650263620407, 0.3790000000000004, 0.49549033391915703, 0.39190861159929696]","[51.423121265377816, 84.50677328646749, 13.91843409490334, -12.51834797891037, 16.177042179261885, -21.021233743409496, 1.243873462214411, 5.172485061511422, -12.485676625659055, 3.829407732864677, -13.335316344463969, -2.4517398945518476]","0.00302",562,158667,904,0,1,"0.0433",-4947,1,"0.0807",94481,4,651,"spotify:track:3px2rAPu74ltbkf9eZsZ8h"
"0LOtldOWaWgJoQyjnZdwTm","üòùFinto Alternativo","3n3Ppam7vgaVa1iaRUc9Lp","Mr. Brightside","False",64,"Hot Fuss",2004-06-15,"day","The Killers","[0.4230314232902032, 0.7146081330868768, 0.33178558225508314, 0.34061922365988856, 0.2593733826247688, 0.4017929759704252, 0.4781293900184841, 0.31327726432532405, 0.3929260628465804, 0.2809260628465804, 0.37872643253234756, 0.2902218114602586]","[53.88419593345658, 47.327057301293905, 19.583870609981528, -18.27322365988906, 8.269323475046209, -29.770312384473197, -4.143062846580406, 1.451737523105361, -8.780142329020334, 2.29867652495379, -9.638804066543447, -8.832377079482436]","0.00119",355,222200,918,0,1,"0.0971","-4.36",1,"0.0746",148114,4,"0.24","spotify:track:3n3Ppam7vgaVa1iaRUc9Lp"
"0LOtldOWaWgJoQyjnZdwTm","üòùFinto Alternativo","3yelVZf4p9wDpWjPav5mOn","Rescue Me","False",51,"AMERICA",2018-04-06,"day","Thirty Seconds To Mars","[0.37972598870056495, 0.39421045197740134, 0.47874011299435, 0.220069209039548, 0.27030508474576304, 0.2202175141242937, 0.41138841807909643, 0.4087288135593225, 0.2894223163841808, 0.36898587570621466, 0.25505932203389836, 0.4275197740112995]","[49.95073587570622, 55.62643220338989, 31.91692937853108, -1.8767485875706187, 19.65966101694916, -26.327241525423695, 4.878701977401132, 4.38890960451977, -14.078129943502828, -0.3932387005649716, -10.016187853107324, -2.7489576271186444]","0.00825",478,217960,676,0,11,"0.0583",-6155,0,"0.0708",148039,4,416,"spotify:track:3yelVZf4p9wDpWjPav5mOn"
"0LOtldOWaWgJoQyjnZdwTm","üòùFinto Alternativo","0jqK7sGTLsHPkQrrcrGuKD","Still Waiting","True",67,"Does This Look Infected?",2002-01-01,"day","Sum 41","[0.5715996677740866, 0.4649019933554819, 0.4003338870431891, 0.3505083056478406, 0.4706378737541532, 0.35668604651162783, 0.5152358803986716, 0.5783970099667779, 0.4533156146179405, 0.43333720930232583, 0.38922923588039865, 0.5252342192691025]","[52.24412126245843, 59.588136212624605, 10.468538205980062, -13.530558139534879, 8.577990033222589, -28.621210963455134, 0.9424152823920267, 3.959282392026579, -2.020749169435213, 7.169171096345516, -8.73743355481727, 1.646279069767443]","0.00105",431,158733,"0.95","3.63e-05",7,272,-4918,1,"0.26",191936,4,"0.56","spotify:track:0jqK7sGTLsHPkQrrcrGuKD"
"0LOtldOWaWgJoQyjnZdwTm","üòùFinto Alternativo","5YEHrYUjG9e0VPQLCp6vGo","Misery Business","False",58,"Tickets To My Downfall (SOLD OUT Deluxe)",2020-09-29,"day","Machine Gun Kelly","[0.6280483221476509, 0.6701073825503356, 0.35530067114093944, 0.4119838926174497, 0.3701422818791947, 0.382186577181208, 0.4819020134228186, 0.3131718120805368, 0.3982671140939601, 0.30450335570469783, 0.32801744966442953, 0.46683087248322125]","[53.18650067114095, 50.74975436241609, -17.06290604026845, -17.11912885906037, 7.699485906040276, -32.92415436241612, -0.827868456375838, 1.7572657718120808, -3.3571973154362458, 6.928504697986572, -11.790279194630848, -8.078198657718126]","0.000674",461,201176,867,0,11,371,-3586,1,152,170015,4,717,"spotify:track:5YEHrYUjG9e0VPQLCp6vGo"
"0LOtldOWaWgJoQyjnZdwTm","üòùFinto Alternativo","6PxNpy8jOjyZ8aGCD58LpW","acting like that (feat. Machine Gun Kelly)","True",59,"acting like that (feat. Machine Gun Kelly)",2020-12-02,"day","YUNGBLUD","[0.5534058154235142, 0.6296030341340081, 0.4659873577749687, 0.4166333754740832, 0.3715372945638433, 0.38100126422250297, 0.37282174462705464, 0.430299620733249, 0.33693046776232594, 0.3619051833122628, 0.4221643489254109, 0.28553223767383035]","[54.02158280657385, 53.18794943109986, 1.9849835651074486, -5.6682730720606855, 15.056372945638437, -38.000335018963334, 18.332152970922863, -2.4273742098609286, -12.230627054361573, 5.997073324905183, -10.922519595448813, -7.764184576485457]","6.98e-05",522,191067,"0.9",0,0,"0.3",-2631,0,"0.0719","160.01",4,579,"spotify:track:6PxNpy8jOjyZ8aGCD58LpW"
"0LOtldOWaWgJoQyjnZdwTm","üòùFinto Alternativo","2f05boG7kunkUFOeEUyEGY","One Cup of Happiness","True",31,"L.P.O.M.",2020-12-11,"day","Little Pieces of Marmelade","[0.5974636174636176, 0.4895530145530144, 0.3187130977130977, 0.361180873180873, 0.2992203742203744, 0.35675675675675705, 0.3008939708939709, 0.45150935550935545, 0.30110187110187125, 0.29383367983367986, 0.3814781704781707, 0.2995904365904368]","[52.70162785862786, 65.22113097713094, 21.908683991683993, -9.034661122661122, -22.003245322245306, -18.8887609147609, -8.963214137214134, -0.6373513513513515, -17.850486486486474, -3.366234927234928, -8.69580873180874, 1.6584469854469857]","0.000728",483,171619,699,179,5,315,-4683,0,"0.0501",99945,4,568,"spotify:track:2f05boG7kunkUFOeEUyEGY"
"0LOtldOWaWgJoQyjnZdwTm","üòùFinto Alternativo","6HsiwlCqhhlMjYr8rTrR1c","Akane","False",19,"L.P.O.M.",2020-12-11,"day","Little Pieces of Marmelade","[0.5720311958405541, 0.24226169844020817, 0.1947556325823226, 0.21915771230502612, 0.45587694974003456, 0.27057365684575396, 0.1527521663778163, 0.23925649913344896, 0.22162564991334474, 0.3632911611785094, 0.1344142114384749, 0.42620970537261715]","[48.31036221837087, -10.242675909878681, 10.547461005199308, -12.965409012131705, -2.0849913344887336, -20.043346620450624, -2.610048526863086, -2.9251975736568463, -8.324863084922006, -5.204915077989605, -9.394786828422873, -8.69568110918544]",197,388,250312,385,"0.0131",0,253,-5686,1,"0.0293",114833,3,"0.0435","spotify:track:6HsiwlCqhhlMjYr8rTrR1c"
"0LOtldOWaWgJoQyjnZdwTm","üòùFinto Alternativo","6K0aUxmqt6Y0pHdFoAiNT5","trying","False",33,"hypnagogia",2018-04-27,"day","brakence","[0.4399412416851439, 0.5024412416851445, 0.28057871396895795, 0.3933935698447892, 0.28510643015521053, 0.4159356984478937, 0.40645343680709506, 0.29385033259423493, 0.39749889135255, 0.26213968957871414, 0.3872350332594235, 0.23870066518847022]","[44.12194567627493, -34.66345565410198, -24.72501219512194, -23.869946784922387, 32.472109756097566, -22.145076496674044, -15.727056541019955, -2.5367960088691794, -4.723138580931269, 0.82980820399113, -12.550615299334813, -1.7352039911308197]",817,469,227988,541,0,10,221,-8487,0,518,143726,4,387,"spotify:track:6K0aUxmqt6Y0pHdFoAiNT5"
"0LOtldOWaWgJoQyjnZdwTm","üòùFinto Alternativo","1XnnLXcvFd21B25H4IHEIY","fwb","True",52,"punk2",2020-07-01,"day","brakence","[0.43116330275229364, 0.6478642201834863, 0.30255779816513767, 0.42911376146789, 0.34225871559633025, 0.2391174311926605, 0.25334862385321105, 0.22479816513761466, 0.2777247706422019, 0.20390642201834852, 0.2338899082568809, 0.3160385321100918]","[47.45696146788989, 45.05146605504587, -34.64514678899086, -20.04732477064218, 33.676864220183504, -6.788201834862383, -14.699799999999993, 3.45517247706422, -5.310634862385321, 6.546755963302749, -21.345860550458678, 2.950245871559632]",149,697,137752,544,0,11,745,-7109,1,501,169252,4,833,"spotify:track:1XnnLXcvFd21B25H4IHEIY"
"0LOtldOWaWgJoQyjnZdwTm","üòùFinto Alternativo","5fr1gqzvwrPrGS76ltBsFK","rosier/punk2","True",54,"punk2",2020-07-01,"day","brakence","[0.26949443757725583, 0.3936736711990108, 0.37538195302843025, 0.23304326328801, 0.3999196538936961, 0.23920024721878874, 0.3673695920889984, 0.3423770086526574, 0.27102348578491925, 0.3559270704573544, 0.20165018541409166, 0.2867008652657603]","[36.999107540173036, 19.023793572311494, -22.66743881334982, -24.210458590852944, 40.26288627935722, -16.159131025957954, -23.927972805933273, 2.86151668726823, -5.094369592088999, 4.873203955500621, -13.263050679851656, 7.1261347342398045]",654,521,222493,254,0,2,427,-13554,1,407,"115.65",4,"0.55","spotify:track:5fr1gqzvwrPrGS76ltBsFK"
"0LOtldOWaWgJoQyjnZdwTm","üòùFinto Alternativo","2jvXg9Sfn5pe0ejARs5wGi","prozac","True",46,"punk2",2020-07-01,"day","brakence","[0.5058949416342409, 0.4559066147859918, 0.3303981841763942, 0.25564850843060977, 0.3325771725032424, 0.263616083009079, 0.3532036316472114, 0.40635538261997395, 0.29565239948119343, 0.38786381322957186, 0.26671465629053187, 0.3565097276264593]","[45.12484565499346, 52.39818677042805, -2.279946822308687, -8.499870298313871, 31.708989623865115, -17.249953307392992, -16.624289234760045, -0.26427756160830046, -7.199499351491571, 3.967876783398189, -13.167880674448773, 1.9462062256809325]",251,715,188793,582,0,11,836,-7863,0,364,"98.5",4,642,"spotify:track:2jvXg9Sfn5pe0ejARs5wGi"
"0LOtldOWaWgJoQyjnZdwTm","üòùFinto Alternativo","6GVW5k7CvUbUCt10bSUIIW","ginger tea","True",49,"punk2",2020-07-01,"day","brakence","[0.5319590909090917, 0.4785515151515155, 0.4076893939393937, 0.2436242424242426, 0.34611212121212115, 0.33742272727272765, 0.18025454545454545, 0.26604242424242386, 0.1809363636363637, 0.27319696969696966, 0.22351666666666653, 0.2795818181818182]","[40.86077121212122, 48.45301666666666, -4.872701515151517, -11.568834848484858, 28.693818181818184, -20.740572727272742, -10.219540909090938, -1.176625757575762, -14.898322727272747, 1.4917484848484857, -11.412774242424247, 2.831439393939396]",196,437,177588,451,0,5,"0.21",-12991,1,"0.0602",144494,5,316,"spotify:track:6GVW5k7CvUbUCt10bSUIIW"
"0LOtldOWaWgJoQyjnZdwTm","üòùFinto Alternativo","4po22h0QrYpOz9IRoX2aft","brakence 2.0 freestyle (feat. Majent)","True",42,"punk2",2020-07-01,"day","brakence","[0.5590130813953491, 0.5619156976744185, 0.29771802325581415, 0.2655668604651161, 0.27418604651162765, 0.29144476744186065, 0.29495494186046467, 0.39541715116279025, 0.34776162790697673, 0.33855523255813946, 0.29796220930232525, 0.2432267441860465]","[38.60078779069765, -14.146922965116293, -66.7051482558139, -20.87919622093024, 16.19367005813953, -20.246603197674403, -2.9116729651162814, 6.499376453488378, -3.007375, 3.055501453488363, -20.13509156976744, -1.7200116279069773]",211,592,161438,406,"0.000164",8,"0.0966",-13259,1,347,"96.76",4,183,"spotify:track:4po22h0QrYpOz9IRoX2aft"
"0LOtldOWaWgJoQyjnZdwTm","üòùFinto Alternativo","7HJIsMRaspjB0Dvi2qzOgp","sauceintherough - bonus track","True",49,"punk2",2020-07-01,"day","brakence","[0.40863915094339653, 0.51902358490566, 0.42819103773584943, 0.2788702830188677, 0.3662311320754717, 0.27115801886792434, 0.35928773584905693, 0.2629622641509434, 0.22754481132075483, 0.27293632075471724, 0.19269103773584895, 0.3488325471698114]","[46.630877358490544, 46.442134433962266, -0.8154386792452831, -7.248094339622636, 38.912459905660356, -10.370742924528319, -1.9152570754717015, 2.7952452830188683, -15.600731132075484, 4.3266179245283025, -17.76605660377359, 5.01219103773585]",167,"0.74",113032,463,0,11,147,-6718,0,"0.38",77547,4,734,"spotify:track:7HJIsMRaspjB0Dvi2qzOgp"
"0LOtldOWaWgJoQyjnZdwTm","üòùFinto Alternativo","7jjnn6K7p5MgOFuqLypAcM","PILL BREAKER (feat. blackbear & Machine Gun Kelly)","True",61,"Pegasus: Neon Shark vs Pegasus Presented By Travis Barker (Deluxe)",2021-02-19,"day","Trippie Redd","[0.4775895865237372, 0.5659709035222057, 0.4089448698315469, 0.25165849923430306, 0.2892756508422667, 0.22389739663093403, 0.3494977029096476, 0.3272618683001532, 0.3009494640122511, 0.3769295558958654, 0.275457886676876, 0.3636370597243489]","[49.53153751914245, 43.18158958652368, -0.5230214395099506, -13.917018376722815, 18.90678101071977, -25.44502297090353, 1.4436079632465557, 0.5798085758039816, -16.570269525268003, 1.3847335375191416, -9.286736600306279, -10.090805513016846]",16,527,177059,"0.79",0,2,"0.37",-6268,1,"0.0788",153034,3,236,"spotify:track:7jjnn6K7p5MgOFuqLypAcM"
"0LOtldOWaWgJoQyjnZdwTm","üòùFinto Alternativo","3VAwH0vRDwvKl8jRVnQU0w","GERONIMO (feat. Chino Moreno)","True",47,"Pegasus: Neon Shark vs Pegasus Presented By Travis Barker (Deluxe)",2021-02-19,"day","Trippie Redd","[0.3480399201596809, 0.6282814371257484, 0.5097465069860276, 0.2294491017964069, 0.2499001996007984, 0.1819540918163674, 0.29449900199600804, 0.17964271457085856, 0.26184031936127744, 0.38536526946107763, 0.23539520958083834, 0.23950499001996023]","[53.682532934131764, 48.077119760479015, 11.66749101796407, -16.094892215568844, 5.345207584830333, -33.176850299401195, 3.3706267465069866, -1.5348283433133723, -5.089295409181636, 2.1006347305389226, -8.442666666666662, -1.999732534930138]","0.000628",431,179201,782,"0.000819",9,"0.0478",-3623,1,"0.0333",113968,4,261,"spotify:track:3VAwH0vRDwvKl8jRVnQU0w"
"0LOtldOWaWgJoQyjnZdwTm","üòùFinto Alternativo","0yFfjXtSDkr81WVAPPS1Q4","RED SKY (feat. Machine Gun Kelly)","True",53,"Pegasus: Neon Shark vs Pegasus Presented By Travis Barker (Deluxe)",2021-02-19,"day","Trippie Redd","[0.5160642023346299, 0.31994552529182874, 0.29134046692607013, 0.18047470817120606, 0.30391439688715977, 0.21901556420233473, 0.4096225680933853, 0.47859533073929983, 0.28491828793774315, 0.3931926070038912, 0.28439494163424134, 0.5334630350194556]","[51.99547665369656, 31.810315175097266, 0.34707003891050625, -9.789607003891048, 18.472852140077816, -32.50146108949419, 0.6872548638132328, -6.09340661478599, -10.561029182879373, 0.7711498054474711, -9.193001945525287, -1.5881361867704287]","0.0249",472,152149,769,0,7,239,-4198,1,"0.0419",159999,4,587,"spotify:track:0yFfjXtSDkr81WVAPPS1Q4"
"0LOtldOWaWgJoQyjnZdwTm","üòùFinto Alternativo","6coKWDju9pNBRXdno3p1sa","Mamma Non Mi Parla","True",37,"Mamma Non Mi Parla",2021-01-29,"day","NASKA","[0.5606184397163125, 0.6028297872340428, 0.34164680851063806, 0.47702127659574395, 0.4775574468085105, 0.4787730496453898, 0.5627773049645387, 0.3774127659574468, 0.4172283687943267, 0.3176907801418443, 0.36562269503546085, 0.42364255319148936]","[53.84584964539013, 48.305943262411354, 12.16119716312057, -6.359896453900703, -2.0216042553191484, -26.423262411347515, 12.703896453900713, -1.9963446808510652, -15.149031205673758, 3.6265943262411384, -12.27090070921986, -2.977731914893615]","0.000519","0.42",169765,947,0,11,"0.0905",-3277,1,172,"84.72",4,334,"spotify:track:6coKWDju9pNBRXdno3p1sa"
"0LOtldOWaWgJoQyjnZdwTm","üòùFinto Alternativo","4nEYidcaoFBLj9veMFc0Qf","Flames (feat. Avril Lavigne)","False",54,"Internet Killed The Rockstar",2021-02-12,"day","MOD SUN","[0.4802468354430382, 0.3616265822784811, 0.23184388185654028, 0.39439662447257373, 0.22036708860759485, 0.23523839662447263, 0.24137974683544305, 0.41437341772151903, 0.4286033755274263, 0.2537088607594937, 0.2764514767932489, 0.17017932489451482]","[51.068732067510545, 33.007337552742605, 9.105145569620245, -7.334383966244722, 20.02401687763714, -20.93729746835444, 17.92430590717301, 3.180263713080168, -4.310462025316455, 2.352295358649789, -14.714835443037991, -1.6911708860759476]","0.00316","0.54",151989,631,0,8,104,-4569,1,"0.0336",84903,4,194,"spotify:track:4nEYidcaoFBLj9veMFc0Qf"
"0LOtldOWaWgJoQyjnZdwTm","üòùFinto Alternativo","7vXtuHrqgzQi58ihUO7L2d","Karma","True",60,"Internet Killed The Rockstar",2021-02-12,"day","MOD SUN","[0.5587858508604209, 0.48886806883365147, 0.3591357552581261, 0.5418718929254301, 0.32639388145315484, 0.42802103250478, 0.3075372848948374, 0.3785697896749525, 0.38862523900573587, 0.27243403441682595, 0.37344550669216015, 0.25938814531548765]","[53.1088585086042, 83.8623250478011, 26.667483747609943, -4.252021032504777, 41.41893116634804, -27.87482217973231, 15.088061185468462, 4.928957934990439, -12.996871892925435, 2.8874837476099415, -10.904393881453146, 1.038686424474186]","0.0246",461,159394,825,0,8,224,-3583,1,115,198045,4,412,"spotify:track:7vXtuHrqgzQi58ihUO7L2d"
"0LOtldOWaWgJoQyjnZdwTm","üòùFinto Alternativo","1OJX5Rkvu0NfzIywy4Re9U","Betterman","False",45,"Internet Killed The Rockstar",2021-02-12,"day","MOD SUN","[0.4689638205499281, 0.5259175108538345, 0.30262952243125896, 0.4057858176555718, 0.5914703328509409, 0.34156874095513773, 0.3103328509406657, 0.24950940665701846, 0.4557192474674383, 0.4821490593342976, 0.35336179450072336, 0.3979840810419682]","[52.660024602026056, 21.40123589001446, -0.20520839363241128, -2.2283053545586102, 12.463463096960918, -36.67154703328509, 24.045985528219948, -1.7120405209840823, -2.5375629522431282, 4.138817655571637, -8.679791606367589, 6.279848046309688]","0.00315",523,179363,957,"0.0208",4,124,-3236,1,"0.0633",162048,4,448,"spotify:track:1OJX5Rkvu0NfzIywy4Re9U"
"0LOtldOWaWgJoQyjnZdwTm","üòùFinto Alternativo","4dNLIWXzl5QHgtmh1Iegxc","lovesong//slacker","True",37,"lovesong//slacker",2018-08-22,"day","brakence","[0.4900964912280696, 0.5155122807017543, 0.2827684210526313, 0.3809885964912278, 0.3067061403508776, 0.42801666666666677, 0.26113684210526306, 0.29536578947368447, 0.37327280701754323, 0.2840605263157896, 0.5027578947368414, 0.3060552631578944]","[43.31451929824563, 8.440347368421046, -75.28197719298247, -29.91546578947366, 50.706896491228065, -15.957918421052652, -20.601722807017524, -1.8432675438596502, -9.110998245614036, 5.995887719298233, -18.810002631578936, 1.8147052631578942]","0.68",861,265427,501,0,5,"0.19",-7265,0,474,123004,4,564,"spotify:track:4dNLIWXzl5QHgtmh1Iegxc"
"0LOtldOWaWgJoQyjnZdwTm","üòùFinto Alternativo","3lPn81PFyKvXiyHhlkwkQ4","Doomed","True",60,"That's The Spirit",2015-09-11,"day","Bring Me The Horizon","[0.4578015783540026, 0.6391488162344983, 0.424614430665163, 0.3386505073280719, 0.4147688838782408, 0.4195107102593011, 0.5627136414881617, 0.37485794813979645, 0.32296956031567087, 0.3977418263810599, 0.2775997745208567, 0.3921544532130781]","[50.40739571589628, 39.314960541149965, 10.978756482525355, -7.118213077790293, 15.06360541149945, -38.099441939120624, 4.143692220969557, -0.20335625704622426, -10.852043968432907, 0.023377677564824274, -7.066050732807211, -3.7023697857948146]","0.00152",271,274133,903,"1.5e-05",6,189,-4516,0,137,147159,4,"0.22","spotify:track:3lPn81PFyKvXiyHhlkwkQ4"
"0LOtldOWaWgJoQyjnZdwTm","üòùFinto Alternativo","1KTJmfwrk5pYqsi9mkY3nT","True Friends","False",63,"That's The Spirit",2015-09-11,"day","Bring Me The Horizon","[0.5070192307692304, 0.5735820512820515, 0.5671769230769229, 0.3458333333333333, 0.3340871794871796, 0.37054230769230745, 0.3240474358974358, 0.45609487179487224, 0.2988782051282053, 0.403598717948718, 0.34448974358974344, 0.3143576923076924]","[54.07473076923082, 77.72687051282054, 20.56075641025642, -13.687733333333327, 14.41204871794872, -29.67709743589742, 0.7850589743589735, -1.1546756410256407, -11.349249999999989, 3.2868961538461505, -8.042728205128203, -0.5852346153846149]","0.000683",419,232320,938,0,7,114,"-3.12",1,"0.0837",160151,4,333,"spotify:track:1KTJmfwrk5pYqsi9mkY3nT"
"0LOtldOWaWgJoQyjnZdwTm","üòùFinto Alternativo","1wvs9V8xEJStRzx78lSNJK","Run","False",55,"That's The Spirit",2015-09-11,"day","Bring Me The Horizon","[0.39500375000000054, 0.5011249999999998, 0.4397424999999997, 0.33797750000000015, 0.5231749999999996, 0.356765, 0.5025799999999999, 0.47076375000000015, 0.3287212500000003, 0.3274787499999998, 0.2608949999999998, 0.5195012500000004]","[50.87519875000001, 26.147553749999993, 13.230167499999999, -12.106728749999997, 23.031708750000057, -38.51721374999997, 9.665454999999998, -1.5366850000000003, -10.299795, 0.9316749999999998, -6.308331250000002, -4.447038749999999]","0.00301",481,222760,938,"0.000153",11,"0.0859",-4759,0,"0.0781",134962,4,357,"spotify:track:1wvs9V8xEJStRzx78lSNJK"
"0LOtldOWaWgJoQyjnZdwTm","üòùFinto Alternativo","1H5a6C6jqWN6XQI0Unq7W3","Oh No","False",55,"That's The Spirit",2015-09-11,"day","Bring Me The Horizon","[0.5827862595419852, 0.5101994274809163, 0.369396946564885, 0.32885114503816804, 0.5465333969465652, 0.5517538167938927, 0.4014713740458009, 0.48263835877862604, 0.26924236641221383, 0.34059446564885465, 0.18655152671755684, 0.2779980916030537]","[48.93673568702293, 21.41649999999997, 0.5667499999999814, -19.439798664122094, 19.0603578244275, -36.48201908396941, -0.9481259541984735, 2.576857824427479, -7.378004770992355, 1.190138358778626, -5.7531068702290105, -3.206623091603056]","0.00626",505,301013,827,"1.07e-05",0,112,-5517,1,"0.0456",114987,4,"0.0974","spotify:track:1H5a6C6jqWN6XQI0Unq7W3"
"0LOtldOWaWgJoQyjnZdwTm","üòùFinto Alternativo","1uA914Md6wsy9NDryyBypH","Man Of The Year","True",2,"Legends Never Die",2020-07-10,"day","Juice WRLD","[0.41968762677484794, 0.4808782961460444, 0.22446855983772823, 0.29114401622718045, 0.4138640973630832, 0.24100405679513226, 0.3785659229208923, 0.33244016227180506, 0.45263691683569984, 0.3899472616632858, 0.2559371196754564, 0.2753427991886409]","[50.003890466531416, 62.37567342799186, -2.022304259634884, -7.771758620689664, 2.6614381338742383, -11.830754563894526, -0.439638945233266, 1.5743306288032464, -7.922795131845844, 2.7505354969574056, -13.049144016227183, -4.843563894523322]","0.00584",621,136408,695,0,4,86,-5124,1,"0.0911",173966,4,298,"spotify:track:1uA914Md6wsy9NDryyBypH"
"0LOtldOWaWgJoQyjnZdwTm","üòùFinto Alternativo","4dVR8jBG0RQ7jbdi8GRkyd","i wanna slam my head against the wall","True",58,"i wanna slam my head against the wall",2021-03-17,"day","glaive","[0.575397094430993, 0.4819322033898307, 0.40014527845036346, 0.21826150121065369, 0.2727602905569008, 0.4627336561743337, 0.3481041162227602, 0.4903825665859568, 0.32895399515738527, 0.3830121065375303, 0.3757966101694914, 0.2795835351089589]","[52.39630266343828, 53.68889104116221, -39.69329297820823, -25.700099273607744, 28.261721549636803, -27.081276029055687, -8.953324455205813, 2.5765496368038736, -11.986832929782095, 2.8632300242130735, -13.311583535108953, -4.586152542372887]","0.0605",476,116551,816,0,5,107,-3412,1,139,182269,4,584,"spotify:track:4dVR8jBG0RQ7jbdi8GRkyd"
"0LOtldOWaWgJoQyjnZdwTm","üòùFinto Alternativo","4kFHZepxfNcgnR5TzY2Eqx","dnd","True",57,"cypress grove",2020-11-19,"day","glaive","[0.38925604838709665, 0.46780241935483896, 0.4340060483870967, 0.25428427419354854, 0.4780161290322581, 0.23010282258064504, 0.3407741935483871, 0.35972379032258067, 0.29651008064516127, 0.3843145161290321, 0.25331854838709694, 0.4185524193548386]","[52.889715725806504, 100.2750967741935, -27.083647177419365, -22.76816330645161, 25.964713709677405, -20.641427419354837, -12.456848790322585, 3.52924193548387, -6.457540322580648, 9.924048387096772, -15.500008064516127, -1.3545241935483865]","0.0517",618,137400,852,0,2,"0.19",-3654,1,46,154684,4,629,"spotify:track:4kFHZepxfNcgnR5TzY2Eqx"
"0LOtldOWaWgJoQyjnZdwTm","üòùFinto Alternativo","5PK7AzBXo9hiOWxxqkSC1S","cloak n dagger","True",54,"cloak n dagger",2021-01-21,"day","glaive","[0.4979531250000003, 0.6274508928571427, 0.29048214285714297, 0.33268526785714264, 0.2800915178571426, 0.46927232142857106, 0.37639955357142857, 0.32983258928571446, 0.47972544642857146, 0.29443080357142826, 0.3813995535714284, 0.3116026785714289]","[53.15557142857146, 73.57905133928573, -9.31407589285715, -18.95641964285713, 34.422439732142855, -29.796982142857168, -2.8854598214285723, 4.409455357142859, -21.35074776785714, 3.611580357142856, -11.91911160714285, -4.8112834821428505]","0.0133",507,129000,852,0,1,"0.0794","-3.34",1,"0.0757",82501,4,429,"spotify:track:5PK7AzBXo9hiOWxxqkSC1S"
"0LOtldOWaWgJoQyjnZdwTm","üòùFinto Alternativo","6jRj5tzddShW6JVEktRePw","arsenic","False",49,"arsenic",2020-09-02,"day","glaive","[0.46193187347931874, 0.5377274939172748, 0.24712895377128927, 0.3098321167883214, 0.21485644768856443, 0.3206131386861311, 0.3444452554744527, 0.2437250608272506, 0.40868613138686133, 0.25091727493917265, 0.4877591240875912, 0.4445377128953774]","[56.09103406326036, 102.37354987834563, -14.62635279805353, -27.132289537712893, 52.97451094890513, -20.66437712895376, -11.78067153284673, 7.431031630170315, -20.021389294403896, 5.479931873479316, -15.737452554744523, -5.444396593673967]","0.0782",533,111476,"0.79",0,6,168,-158,1,"0.07",148327,5,752,"spotify:track:6jRj5tzddShW6JVEktRePw"
"37i9dQZF1EptbT4oKaYG5R","On Repeat","4cF8xXRteGQypocjEOtdAd","Svuotatasche","False",60,"ORO BLU",2022-03-04,"day","Bresh","[0.40804305043050443, 0.2334723247232471, 0.3540664206642064, 0.2514772447724476, 0.4933690036900365, 0.3847908979089791, 0.21937761377613782, 0.41359163591635895, 0.2007072570725707, 0.27633825338253387, 0.14029520295202957, 0.2947749077490767]","[43.91768265682655, 22.001324723247233, -23.849564575645765, -18.342603936039396, 49.9557244772448, -17.381651906519085, 2.992345633456333, 0.532892988929891, -11.90278351783516, 4.25949569495695, -18.151095940959397, 0.08655719557195506]",369,489,231602,367,0,0,198,-10254,1,"0.0878",131302,4,524,"spotify:track:4cF8xXRteGQypocjEOtdAd"
"37i9dQZF1EptbT4oKaYG5R","On Repeat","4lstxdn27jZqnTuyaLeJfq","Cancelo","True",73,"Cancelo",2022-03-17,"day","Rhove","[0.5468450867052022, 0.654812716763006, 0.4465930635838157, 0.2656485549132946, 0.28920809248554913, 0.2851815028901733, 0.43621734104046206, 0.30069479768786106, 0.25743468208092485, 0.22676994219653174, 0.233078612716763, 0.5326820809248556]","[47.09292023121381, 12.431959537572247, -9.190452023121388, 21.251550289017302, 27.739700578034697, -18.056476300578034, -1.4888716763005805, 5.14132832369941, -7.482515606936419, 9.390963005780344, -14.507989595375722, 4.010195375722548]",379,829,174545,808,"3.01e-06",11,"0.0735",-5734,0,257,142952,4,"0.57","spotify:track:4lstxdn27jZqnTuyaLeJfq"
"37i9dQZF1EptbT4oKaYG5R","On Repeat","3cCxoOgfi6hgt8MNteuiiD","Fade","True",65,"The Life Of Pablo",2016-06-10,"day","Kanye West","[0.5155843520782397, 0.5815232273838629, 0.4394584352078235, 0.33396332518337357, 0.34069070904645443, 0.43035819070904635, 0.310187041564792, 0.33697310513447426, 0.3309119804400975, 0.41365403422982905, 0.32390097799511, 0.2127078239608801]","[48.00574694376532, 7.237515892420535, -9.374530562347191, 10.43784718826405, 8.57463691931541, -19.17242176039122, -4.9808044009779975, -3.5956466992665064, -10.815850855745708, 1.8462310513447429, -11.96203545232274, -7.8935562347188055]",118,752,193748,765,0,9,"0.31",-5805,0,"0.0908",105998,4,309,"spotify:track:3cCxoOgfi6hgt8MNteuiiD"
"37i9dQZF1EptbT4oKaYG5R","On Repeat","6coKWDju9pNBRXdno3p1sa","Mamma Non Mi Parla","True",37,"Mamma Non Mi Parla",2021-01-29,"day","NASKA","[0.5606184397163125, 0.6028297872340428, 0.34164680851063806, 0.47702127659574395, 0.4775574468085105, 0.4787730496453898, 0.5627773049645387, 0.3774127659574468, 0.4172283687943267, 0.3176907801418443, 0.36562269503546085, 0.42364255319148936]","[53.84584964539013, 48.305943262411354, 12.16119716312057, -6.359896453900703, -2.0216042553191484, -26.423262411347515, 12.703896453900713, -1.9963446808510652, -15.149031205673758, 3.6265943262411384, -12.27090070921986, -2.977731914893615]","0.000519","0.42",169765,947,0,11,"0.0905",-3277,1,172,"84.72",4,334,"spotify:track:6coKWDju9pNBRXdno3p1sa"
"37i9dQZF1EptbT4oKaYG5R","On Repeat","6mmBVpItqlggbdKOD9zOu9","Come Stai","False",61,"ORO BLU",2022-03-04,"day","Bresh","[0.4499783236994221, 0.5036864161849709, 0.3110968208092484, 0.2967369942196529, 0.4493453757225432, 0.2532008670520231, 0.3733526011560694, 0.33601589595375686, 0.25052890173410386, 0.3670072254335261, 0.21843930635838196, 0.38857225433526027]","[44.789252890173394, 8.625531791907505, -31.076940751445076, -10.570988439306339, 47.60281358381505, -23.719557803468184, -1.7635664739884422, -12.590952312138736, -11.011031791907511, -0.24724855491329387, -14.16418352601155, 5.228374277456652]",498,"0.72",166983,"0.55",0,11,137,-9379,0,55,134097,4,272,"spotify:track:6mmBVpItqlggbdKOD9zOu9"
"37i9dQZF1EptbT4oKaYG5R","On Repeat","5PlTDE2RLbcC9vBzbGAG4y","argyle","True",55,"argyle",2021-10-08,"day","brakence","[0.2850338164251207, 0.5526392914653788, 0.2558341384863128, 0.41378260869565253, 0.3303719806763284, 0.1969903381642513, 0.31021256038647316, 0.17983252818035408, 0.3480660225442834, 0.1760547504025766, 0.265085346215781, 0.3221368760064414]","[46.272943639291434, 22.677049919484702, -12.576866344605493, -15.848904991948473, 28.967797101449253, -18.364247987117555, -17.050161030595824, -1.9728550724637675, -2.6589323671497573, 0.5954025764895317, -11.771049919484708, 0.5055442834138493]",412,669,165333,444,0,8,349,-8021,0,"0.0453",139031,4,586,"spotify:track:5PlTDE2RLbcC9vBzbGAG4y"
"37i9dQZF1EptbT4oKaYG5R","On Repeat","6hvqOBgF3nf9nz0Hbk4h8N","PSYCHO GIRL","True",41,"STO NELLA SAD",2022-01-14,"day","The√∏","[0.5835921237693388, 0.520971870604782, 0.30230098452883264, 0.4438902953586503, 0.30291139240506343, 0.3113248945147682, 0.2685400843881859, 0.38956821378340356, 0.40624613220815786, 0.31624613220815734, 0.3944177215189871, 0.3139578059071729]","[53.69309563994385, 54.75857383966241, 34.16608157524612, -2.186819971870603, 17.35886919831224, -30.631251758087206, 30.075018284106882, 5.376541490857945, -4.499009845288332, 4.248261603375534, -11.336587904360046, -3.322105485232071]","0.000192",531,185660,869,0,8,162,-4126,1,"0.0388",106059,4,"0.59","spotify:track:6hvqOBgF3nf9nz0Hbk4h8N"
"37i9dQZF1EptbT4oKaYG5R","On Repeat","41RFlQraiq9x4bUZzyvN84","Choose Life","False",38,"Choose Life",2020-06-19,"day","POORSTACY","[0.5479594017094019, 0.5620726495726499, 0.3013995726495727, 0.428884615384615, 0.48081837606837613, 0.2843974358974356, 0.3250833333333332, 0.2994700854700858, 0.5286004273504279, 0.4244337606837607, 0.3624017094017094, 0.49249358974358987]","[54.55314957264957, 58.80951495726497, 12.379275641025647, -11.264175213675216, 22.38640384615384, -35.829128205128214, 5.686032051282051, 1.231803418803419, -6.573865384615384, 5.27017307692307, -9.763410256410266, -4.221190170940169]","0.00364",548,129340,967,0,1,461,-2759,0,"0.0898",105949,4,526,"spotify:track:41RFlQraiq9x4bUZzyvN84"
"37i9dQZF1EptbT4oKaYG5R","On Repeat","5Ti7LXn9K5s5WT0y7LgFnG","Andrea","True",60,"ORO BLU",2022-03-04,"day","Bresh","[0.3166243781094525, 0.4093308457711443, 0.33816044776119414, 0.1607524875621893, 0.274073383084577, 0.23291542288557232, 0.4562176616915423, 0.3549850746268659, 0.3038420398009948, 0.4099813432835818, 0.26404975124378116, 0.2895895522388059]","[48.24628482587059, 31.380126865671656, -12.700789800995045, -5.543542288557212, 25.054618159203972, -26.467822139303514, 5.759981343283583, -10.4546380597015, -5.141249999999995, 8.63571890547263, -15.737797263681616, 7.1491156716417965]",281,367,185125,596,0,11,125,"-8.04",0,118,175658,3,325,"spotify:track:5Ti7LXn9K5s5WT0y7LgFnG"
"37i9dQZF1EptbT4oKaYG5R","On Repeat","6iFxX0SdHKxUhiyLW9PtCy","WILDPIRATA (feat. Tedua) ‚Äì prod. Garelli & Chryverde","False",40,"MEDIOEGO",2021-01-15,"day","Inoki","[0.6062817059483723, 0.6164410774410779, 0.3327485970819306, 0.3728069584736254, 0.33593827160493844, 0.28219528619528617, 0.3317687991021324, 0.24063299663299675, 0.34935465768799107, 0.32096408529741877, 0.25581257014590375, 0.3261335578002242]","[49.17898092031421, 43.36117957351297, -27.65054433221101, -7.593812570145905, 25.730758698092014, -21.98799102132438, -4.204173961840631, -0.14956453423120092, -13.846066217732869, 5.740451178451185, -17.29302469135804, 6.334763187429849]",145,675,197000,829,0,1,118,-5784,0,252,91175,4,353,"spotify:track:6iFxX0SdHKxUhiyLW9PtCy"
"37i9dQZF1EptbT4oKaYG5R","On Repeat","2SAqBLGA283SUiwJ3xOUVI","Laugh Now Cry Later (feat. Lil Durk)","True",79,"Laugh Now Cry Later (feat. Lil Durk)",2020-08-14,"day","Drake","[0.5128125613346419, 0.5087782139352308, 0.5491000981354266, 0.27828557409224725, 0.4170657507360161, 0.3563581943081452, 0.22634543670264962, 0.2946879293424927, 0.18792836113837091, 0.4097095191364083, 0.16050245338567196, 0.27273110893032393]","[44.93425515210997, -15.101399411187442, 9.501763493621196, 8.153122669283622, 32.60802649656525, -11.125927379784091, 12.50011383709518, -5.325210991167811, -16.4201599607458, -7.430291462217861, -14.541094210009817, -1.1220039254170755]",244,761,261493,518,"3.47e-05",0,107,-8871,1,134,133976,4,522,"spotify:track:2SAqBLGA283SUiwJ3xOUVI"
"37i9dQZF1EptbT4oKaYG5R","On Repeat","0KAZ6WZunHMQazrZW2hhst",0,"False",40,"Orange County California",2017-01-13,"day","Rkomi","[0.5778722669735332, 0.39186766398158807, 0.31095051783659317, 0.4055558112773301, 0.28832566168009177, 0.4540989643268121, 0.2988135788262372, 0.44430724971231284, 0.40723014959723847, 0.2683705408515534, 0.35484579976985, 0.26500920598388944]","[48.73073417721508, 1.779085155350967, -20.311693901035692, -14.02999769850403, 17.837264672036845, -20.709052934407378, -4.024845799769845, 1.4634326812428102, -19.50516570771002, 0.6869758342922906, -12.100516685845804, 3.7843072497123105]",192,703,194280,766,"2.33e-06",0,123,-5373,0,128,117997,4,388,"spotify:track:0KAZ6WZunHMQazrZW2hhst"
"37i9dQZF1EptbT4oKaYG5R","On Repeat","6gaCDpDdhos6hcpUmzvmrz","Amore","False",53,"ORO BLU",2022-03-04,"day","Bresh","[0.5632635135135132, 0.4557263513513516, 0.35411824324324315, 0.3721874999999996, 0.3013124999999997, 0.3952905405405408, 0.2363327702702704, 0.2643969594594597, 0.2054020270270272, 0.2606993243243243, 0.4131891891891895, 0.30867567567567517]","[47.53061486486489, 28.10652702702705, -10.006405405405395, -12.333499999999995, 27.6896064189189, -26.63761317567567, 1.0260422297297318, 0.7026790540540535, -11.681381756756759, 3.813859797297303, -13.826062499999994, -2.290886824324322]","0.0271",637,165825,"0.66",0,10,"0.0881",-8357,1,"0.0473",126124,4,347,"spotify:track:6gaCDpDdhos6hcpUmzvmrz"
"37i9dQZF1EptbT4oKaYG5R","On Repeat","6fPGBlx8wsAxhoDn7BwiAH","Horror","True",56,"REBEL",2022-03-04,"day","NASKA","[0.3094297407912689, 0.48915552523874456, 0.23888403819918114, 0.3776330150068213, 0.5129195088676666, 0.2058772169167805, 0.2102141882673945, 0.1805688949522511, 0.3187339699863576, 0.3044420190995907, 0.21640245566166452, 0.3552332878581177]","[50.946577080491146, 43.1246043656207, 1.4921950886766837, -14.632783083219637, 6.88290859481584, -20.716631650750337, -2.463754433833561, -1.1842442019099575, -9.611522510231914, 4.3250682128240125, -12.283399727148701, 0.6504761255115956]","0.0282",455,219847,677,0,4,564,-5041,1,"0.0338",179981,4,266,"spotify:track:6fPGBlx8wsAxhoDn7BwiAH"
"37i9dQZF1EptbT4oKaYG5R","On Repeat","4EC028SvtlC25iHQSG2OIa","Shakerando","True",77,"Shakerando",2021-12-15,"day","Rhove","[0.45376621923937377, 0.5102125279642056, 0.4475011185682322, 0.24317002237136456, 0.2861644295302014, 0.31698881431767323, 0.2513322147651007, 0.3853668903803133, 0.2708512304250562, 0.43915548098433926, 0.38172706935123024, 0.3127863534675616]","[46.823629753914965, -38.77753691275165, -17.624626398210314, 7.539178970917224, 39.00153579418344, -22.68239038031319, -0.8936879194630886, 2.904392617449663, -6.63594630872483, 8.491581655480982, -13.481025727069367, 0.4490760626398207]",764,855,195556,805,"0.00708",7,302,-5651,0,191,135009,4,469,"spotify:track:4EC028SvtlC25iHQSG2OIa"
"37i9dQZF1EptbT4oKaYG5R","On Repeat","4UHyrGQCHu0Orh2utUxbNY","fake love don't last (feat. iann dior)","False",71,"mainstream sellout",2022-03-25,"day","Machine Gun Kelly","[0.440587755102041, 0.4657469387755104, 0.27522653061224506, 0.3498142857142858, 0.2899428571428574, 0.3874775510204081, 0.2817999999999996, 0.40837142857142855, 0.5030938775510205, 0.2881163265306124, 0.30406734693877535, 0.2506816326530612]","[51.48838979591837, 53.53508775510205, -10.482242857142861, -12.844634693877552, 27.03594081632653, -21.797234693877552, -1.516491836734698, -0.930942857142857, -5.82134285714285, 6.177085714285719, -15.024091836734694, 2.2319979591836745]","0.0226",659,143205,733,0,8,205,-4878,1,"0.0577",146053,4,763,"spotify:track:4UHyrGQCHu0Orh2utUxbNY"
"37i9dQZF1EptbT4oKaYG5R","On Repeat","6BQAc2HhuDupDytILiSkZe","Angelina Jolie","True",61,"ORO BLU",2022-03-04,"day","Bresh","[0.5350436363636363, 0.4948533333333339, 0.4284763636363637, 0.31541333333333343, 0.29303393939393957, 0.20113212121212104, 0.20723030303030274, 0.2886569696969695, 0.18748727272727259, 0.28286666666666666, 0.19569333333333336, 0.25698787878787915]","[47.183650909090915, 68.48349696969694, -22.905912727272735, -5.346991515151504, 22.39969696969697, -19.9901890909091, 2.7797248484848502, -4.236830303030294, -17.785530909090916, 6.821944242424253, -14.731775757575766, 6.4325624242424215]",73,658,169546,628,0,7,117,-7889,1,207,160171,4,621,"spotify:track:6BQAc2HhuDupDytILiSkZe"
"37i9dQZF1EptbT4oKaYG5R","On Repeat","1drNpTgwd5Jfzda228o9pa","Polly","True",54,"REBEL",2022-03-04,"day","NASKA","[0.3846995581737846, 0.49707805596465443, 0.2982017673048604, 0.29337849779086894, 0.38744918998527234, 0.20200441826215032, 0.26017231222385856, 0.1935537555228276, 0.32299852724595024, 0.41896023564064816, 0.25072312223858595, 0.4818895434462438]","[50.5643402061856, 46.097301914580264, -10.276094256259176, -4.575734904270985, 15.08021207658323, -17.918331369661257, -3.3571708394698137, -7.099381443298974, -14.012746686303391, 4.480564064801182, -11.503767304860084, 1.7084256259204702]",121,737,165509,782,0,1,98,-4346,0,"0.0313",132054,4,931,"spotify:track:1drNpTgwd5Jfzda228o9pa"
"37i9dQZF1EptbT4oKaYG5R","On Repeat","40uMIn2zJLAQhNXghRjBed","Motley Crew","True",77,"Motley Crew",2021-07-09,"day","Post Malone","[0.35489844851904057, 0.5048081805359664, 0.28707616361071947, 0.5152581100141046, 0.27727362482369544, 0.28418899858956287, 0.2894682651622004, 0.18435825105782805, 0.19973624823695363, 0.16516643159379435, 0.33811988716502106, 0.23561636107193232]","[49.310320169252456, 38.03804654442874, 6.579452750352605, -0.09513399153738074, 29.5749322990127, -14.08682651622003, -1.7924569816643183, -5.069461212976021, -3.924506346967559, -0.8268152327221451, -14.477743300423146, -2.3484386459802535]","0.0904",797,184213,631,"3.71e-06",3,"0.0998",-3818,0,"0.0786",129915,4,288,"spotify:track:40uMIn2zJLAQhNXghRjBed"
"37i9dQZF1EptbT4oKaYG5R","On Repeat","00iYCxpoIxtyBr2JzhIpxx","cbd","True",53,"cbd",2022-01-21,"day","brakence","[0.4025255102040814, 0.5433928571428575, 0.27754251700680255, 0.34274149659863934, 0.44801700680272055, 0.29472278911564603, 0.4009812925170067, 0.2873010204081628, 0.4158367346938779, 0.32098809523809485, 0.23029251700680267, 0.3235]","[45.62035374149661, 27.914913265306147, -32.64507993197275, -14.685913265306121, 21.98935714285714, -18.809826530612245, -12.573460884353732, 2.188681972789118, 1.7798690476190493, 3.4260595238095255, -15.557501700680259, 5.091517006802719]",172,"0.64",161133,458,"1.62e-05",1,"0.13",-8094,0,106,103791,4,585,"spotify:track:00iYCxpoIxtyBr2JzhIpxx"
"37i9dQZF1EptbT4oKaYG5R","On Repeat","6QogWUhMVjCd8BiEIjf9JK","Parli Di Me","True",57,"ORO BLU",2022-03-04,"day","Bresh","[0.47237658674188976, 0.4705698166431598, 0.34910014104372344, 0.23366290550070518, 0.3764499294781378, 0.2449816643159376, 0.34844005641748926, 0.2966234132581098, 0.3419238363892803, 0.396377997179126, 0.31664315937940785, 0.38962764456981686]","[46.38470662905505, 46.61112693935117, -9.105866008462613, -3.4918547249647385, 11.145991537376585, -16.047889985895612, 0.1235684062059241, -0.7079351198871652, -22.00332157968969, 6.526369534555708, -16.009970380818057, -2.3239012693935117]",44,738,162500,515,0,11,319,"-7.93",0,156,97013,4,664,"spotify:track:6QogWUhMVjCd8BiEIjf9JK"
"37i9dQZF1EptbT4oKaYG5R","On Repeat","2Z9uQAn8v8m6ZPFh4bsqY4","LAPROVINCE #1","True",68,"LAPROVINCE #1",2022-01-21,"day","Rhove","[0.6090803080308028, 0.7035115511551159, 0.43390979097909793, 0.43848404840484073, 0.32977887788778854, 0.3170539053905388, 0.2884345434543454, 0.3611331133113311, 0.4662178217821782, 0.3595258525852586, 0.22483278327832776, 0.09192079207920796]","[46.99702640264029, -10.168108910891084, -20.36552915291529, 17.51623432343233, 29.04219581958199, -15.84873927392738, 9.492485148514854, 3.7183509350935107, -20.36198789878987, 7.928185918591849, -19.478897689768978, -7.613090209020903]",224,845,158373,747,"1.63e-05",1,"0.0694",-6239,1,197,105871,3,"0.51","spotify:track:2Z9uQAn8v8m6ZPFh4bsqY4"
"37i9dQZF1EptbT4oKaYG5R","On Repeat","5pChG5dPjvpYCEeChn5vmM","blood (feat. KennyHoopla & JUDGE)","False",56,"Trauma Factory",2021-02-19,"day","nothing,nowhere.","[0.5860368663594473, 0.5170460829493085, 0.330763440860215, 0.27550844854070666, 0.450726574500768, 0.39279109062979983, 0.34377880184331816, 0.40634869431643617, 0.3301612903225807, 0.3804270353302616, 0.3333563748079873, 0.5021996927803373]","[51.428104454685105, 39.416033794162836, -2.937738863287242, -5.808451612903228, 24.688811059907827, -25.434855606758845, 5.964483870967741, -0.3231305683563744, 2.089720430107526, -1.7172519201228862, -11.952583717357912, 1.5055898617511516]","0.0379",614,158429,817,"3.95e-06",4,146,-4588,0,144,81009,4,842,"spotify:track:5pChG5dPjvpYCEeChn5vmM"
"37i9dQZF1EptbT4oKaYG5R","On Repeat","3KyKxJ4P3pVCgaZwaq2rUC","Gasoline","False",72,"Dawn FM",2022-01-06,"day","The Weeknd","[0.6579999999999994, 0.6089609800362981, 0.2998566243194188, 0.2466179673321235, 0.32326043557168777, 0.28093284936479107, 0.3827658802177856, 0.3266315789473687, 0.40072958257713226, 0.42264700544464623, 0.397323956442831, 0.3150417422867512]","[47.664295825771234, 37.23925045372055, -24.29033847549913, 5.923011796733207, -11.016299455535387, -37.12918058076226, -4.028906533575318, -4.169467332123413, -7.926496370235935, 8.406590744101626, -13.189761343012721, -2.8931451905626155]","0.000582",728,212166,741,"0.00206",6,"0.33",-7075,0,"0.0473",123006,4,"0.31","spotify:track:3KyKxJ4P3pVCgaZwaq2rUC"
"37i9dQZF1EptbT4oKaYG5R","On Repeat","0ebN689X4Xt43oaHGoeZWZ","Ulisse","False",55,"ORO BLU",2022-03-04,"day","Bresh","[0.6563576341127919, 0.5690770288858324, 0.2795240715268224, 0.37903163686382396, 0.22192297111416784, 0.3239257221458046, 0.1779147180192572, 0.24268225584594233, 0.3315254470426407, 0.17710866574965606, 0.32587345254470435, 0.21529298486932608]","[48.41738927097663, 38.679240715268186, -21.21697936726273, -14.486060522696018, 29.699548830811516, -24.63537414030263, -8.97380467675379, -2.797041265474551, -13.37290784044015, 4.851563961485552, -14.180522696010994, -0.1326272352132051]",203,705,177250,661,0,8,125,-7284,1,"0.0517",132969,4,469,"spotify:track:0ebN689X4Xt43oaHGoeZWZ"
"37i9dQZF1EptbT4oKaYG5R","On Repeat","6ZacixqGSH8N9x8sVu4IGB","Burnout","False",26,"Burnout",2018-02-02,"day","Tedua","[0.6929391191709845, 0.8528341968911919, 0.4210738341968912, 0.38706606217616574, 0.29313212435233144, 0.23491191709844533, 0.24428367875647677, 0.23526554404145078, 0.3184222797927462, 0.22461658031088064, 0.19045207253885998, 0.20416450777202086]","[50.51667746113985, 22.499095854922274, 7.3588575129533735, -1.6010518134715022, 40.32926683937825, -14.059957253886015, 1.7727396373056987, 4.771142487046633, -16.788370466321265, 7.899003886010365, -16.886146373057002, -5.68455958549222]",324,613,180930,707,0,1,"0.0843",-4328,1,285,128278,4,145,"spotify:track:6ZacixqGSH8N9x8sVu4IGB"
"37i9dQZF1EptbT4oKaYG5R","On Repeat","2BXTbWoVoMrtGprl9dheFB","Borghese In Borghese","False",20,"Borghese In Borghese",2019-01-09,"day","Fulminacci","[0.4610924369747901, 0.6321559290382824, 0.4098720821661995, 0.386690943043884, 0.4208431372549015, 0.37702801120448165, 0.39185994397759133, 0.40629131652661066, 0.4790522875816998, 0.5116311858076561, 0.3288664799253036, 0.26480672268907546]","[50.56548085901026, 44.09585434173673, -25.993394957983234, 1.7271895424836634, 11.554853408029885, -10.670144724556485, -3.223402427637725, 3.0267133520074667, -13.767789915966398, 11.62319981325863, -13.708963585434159, 4.709044817927173]",151,822,192151,875,0,9,128,-4433,1,"0.0995",109885,4,946,"spotify:track:2BXTbWoVoMrtGprl9dheFB"
"37i9dQZF1EptbT4oKaYG5R","On Repeat","75U0n5xhZT3al2oC3I61rG","Vaffanculo Per Sempre","True",51,"REBEL",2022-03-04,"day","NASKA","[0.3265456053067992, 0.4479369817578773, 0.5730265339966838, 0.30776451077943573, 0.2955936981757876, 0.273837479270315, 0.4467678275290214, 0.5083830845771146, 0.3250149253731347, 0.371825870646766, 0.2782786069651737, 0.39208291873963497]","[51.7594991708126, 66.29175456053066, 0.8148988391376447, -12.04776616915422, -1.3142006633499161, -25.556844112769515, -2.089129353233829, 3.749142620232172, -10.515555555555558, 7.667386401326696, -9.755000000000004, -0.6128043117744613]","0.00162",594,170388,"0.92",0,2,159,-5566,1,"0.0519",139929,4,492,"spotify:track:75U0n5xhZT3al2oC3I61rG"
"37i9dQZF1EptbT4oKaYG5R","On Repeat","1LOACVqFbakiw9EuoygRoM","Fottiti","True",54,"ORO BLU",2022-03-04,"day","Bresh","[0.47389984591679485, 0.6242511556240372, 0.26228813559322006, 0.3036332819722647, 0.4208967642526965, 0.2644684129429892, 0.2960169491525424, 0.22025885978428356, 0.3659599383667178, 0.2948120184899845, 0.2900092449922959, 0.3226902927580894]","[48.578064714946095, 41.31328813559322, -20.267605546995366, -13.770818181818166, 27.20404006163329, -27.076392912172558, 1.5838382126348212, -3.8684144838212666, -12.082303543913707, 3.0581263482280434, -15.099941448382125, 1.8064869029275803]","0.0821","0.51",139938,719,0,1,239,-7434,0,266,168032,4,601,"spotify:track:1LOACVqFbakiw9EuoygRoM"
"37i9dQZF1EptbT4oKaYG5R","On Repeat","0V7fFdSCLSCWlvyyiUrQIM","Lo-fi Drill","True",53,"Don't Panic",2021-05-05,"day","Tedua","[0.3781680000000006, 0.47357000000000005, 0.2758400000000002, 0.37044600000000016, 0.3752799999999997, 0.3650839999999999, 0.5056559999999999, 0.4016320000000001, 0.4056639999999997, 0.3960440000000001, 0.44136399999999976, 0.4185260000000001]","[47.33992399999999, 39.09743999999998, -7.840363999999996, 9.099938, 34.72869399999997, -16.123800000000003, 6.251780000000004, 0.30098000000000075, -25.926871999999996, 1.8059960000000004, -17.786388000000013, 2.653329999999999]","0.0985",782,102000,781,0,11,143,-7132,1,306,"136.08",4,431,"spotify:track:0V7fFdSCLSCWlvyyiUrQIM"
